
======================================================================
[stage] manifest
======================================================================
building manifest for seed=0
manifest written: /mnt/data/mia_benchmark_4090/repo/benchmark/splits/cifar10/seed0/manifest.json
  pool=25000 population=2500 member_eval=10000 nonmember=10000
building manifest for seed=1
manifest written: /mnt/data/mia_benchmark_4090/repo/benchmark/splits/cifar10/seed1/manifest.json
  pool=25000 population=2500 member_eval=10000 nonmember=10000
building manifest for seed=2
manifest written: /mnt/data/mia_benchmark_4090/repo/benchmark/splits/cifar10/seed2/manifest.json
  pool=25000 population=2500 member_eval=10000 nonmember=10000

======================================================================
[stage] target
======================================================================
[target_seed0] epoch   1/100 loss=2.5527 train_acc=0.3292 val_acc=0.3192
[target_seed0] epoch   2/100 loss=1.9433 train_acc=0.3126 val_acc=0.3198
[target_seed0] epoch   3/100 loss=1.6912 train_acc=0.3771 val_acc=0.3812
[target_seed0] epoch   4/100 loss=1.5918 train_acc=0.4384 val_acc=0.4282
[target_seed0] epoch   5/100 loss=1.5160 train_acc=0.4579 val_acc=0.4480
[target_seed0] epoch   6/100 loss=1.4879 train_acc=0.4715 val_acc=0.4530
[target_seed0] epoch   7/100 loss=1.4230 train_acc=0.4965 val_acc=0.4838
[target_seed0] epoch   8/100 loss=1.3702 train_acc=0.4986 val_acc=0.4740
[target_seed0] epoch   9/100 loss=1.3275 train_acc=0.5365 val_acc=0.5034
[target_seed0] epoch  10/100 loss=1.2849 train_acc=0.5492 val_acc=0.5104
[target_seed0] epoch  11/100 loss=1.2418 train_acc=0.5535 val_acc=0.5126
[target_seed0] epoch  12/100 loss=1.2286 train_acc=0.5814 val_acc=0.5378
[target_seed0] epoch  13/100 loss=1.1703 train_acc=0.5917 val_acc=0.5318
[target_seed0] epoch  14/100 loss=1.1372 train_acc=0.5945 val_acc=0.5360
[target_seed0] epoch  15/100 loss=1.1139 train_acc=0.6005 val_acc=0.5424
[target_seed0] epoch  16/100 loss=1.0863 train_acc=0.6510 val_acc=0.5676
[target_seed0] epoch  17/100 loss=1.0508 train_acc=0.6270 val_acc=0.5452
[target_seed0] epoch  18/100 loss=1.0169 train_acc=0.6627 val_acc=0.5600
[target_seed0] epoch  19/100 loss=0.9740 train_acc=0.6829 val_acc=0.5768
[target_seed0] epoch  20/100 loss=0.9480 train_acc=0.6774 val_acc=0.5694
[target_seed0] epoch  21/100 loss=0.9373 train_acc=0.7215 val_acc=0.5808
[target_seed0] epoch  22/100 loss=0.8873 train_acc=0.7016 val_acc=0.5702
[target_seed0] epoch  23/100 loss=0.8607 train_acc=0.7285 val_acc=0.5742
[target_seed0] epoch  24/100 loss=0.8208 train_acc=0.7515 val_acc=0.5860
[target_seed0] epoch  25/100 loss=0.7938 train_acc=0.7449 val_acc=0.5744
[target_seed0] epoch  26/100 loss=0.7643 train_acc=0.7629 val_acc=0.5746
[target_seed0] epoch  27/100 loss=0.7279 train_acc=0.7591 val_acc=0.5688
[target_seed0] epoch  28/100 loss=0.7126 train_acc=0.7741 val_acc=0.5812
[target_seed0] epoch  29/100 loss=0.7059 train_acc=0.7985 val_acc=0.5710
[target_seed0] epoch  30/100 loss=0.6755 train_acc=0.8030 val_acc=0.5748
[target_seed0] epoch  31/100 loss=0.6191 train_acc=0.8102 val_acc=0.5668
[target_seed0] epoch  32/100 loss=0.6135 train_acc=0.8198 val_acc=0.5704
[target_seed0] epoch  33/100 loss=0.5859 train_acc=0.8315 val_acc=0.5734
[target_seed0] epoch  34/100 loss=0.5669 train_acc=0.8029 val_acc=0.5560
[target_seed0] epoch  35/100 loss=0.5524 train_acc=0.8492 val_acc=0.5720
[target_seed0] epoch  36/100 loss=0.5399 train_acc=0.8078 val_acc=0.5558
[target_seed0] epoch  37/100 loss=0.5053 train_acc=0.8710 val_acc=0.5860
[target_seed0] epoch  38/100 loss=0.5084 train_acc=0.8616 val_acc=0.5742
[target_seed0] epoch  39/100 loss=0.5056 train_acc=0.8054 val_acc=0.5258
[target_seed0] epoch  40/100 loss=0.4577 train_acc=0.8781 val_acc=0.5864
[target_seed0] epoch  41/100 loss=0.4648 train_acc=0.8202 val_acc=0.5584
[target_seed0] epoch  42/100 loss=0.4273 train_acc=0.8406 val_acc=0.5550
[target_seed0] epoch  43/100 loss=0.4251 train_acc=0.8960 val_acc=0.5744
[target_seed0] epoch  44/100 loss=0.4161 train_acc=0.8547 val_acc=0.5528
[target_seed0] epoch  45/100 loss=0.4190 train_acc=0.9113 val_acc=0.5840
[target_seed0] epoch  46/100 loss=0.3792 train_acc=0.8788 val_acc=0.5640
[target_seed0] epoch  47/100 loss=0.3963 train_acc=0.8878 val_acc=0.5670
[target_seed0] epoch  48/100 loss=0.3774 train_acc=0.8831 val_acc=0.5646
[target_seed0] epoch  49/100 loss=0.3968 train_acc=0.8964 val_acc=0.5754
[target_seed0] epoch  50/100 loss=0.3699 train_acc=0.9094 val_acc=0.5766
[target_seed0] epoch  51/100 loss=0.1130 train_acc=0.9932 val_acc=0.6122
[target_seed0] epoch  52/100 loss=0.0339 train_acc=0.9990 val_acc=0.6154
[target_seed0] epoch  53/100 loss=0.0162 train_acc=0.9998 val_acc=0.6124
[target_seed0] epoch  54/100 loss=0.0104 train_acc=0.9999 val_acc=0.6150
[target_seed0] epoch  55/100 loss=0.0078 train_acc=0.9999 val_acc=0.6172
[target_seed0] epoch  56/100 loss=0.0066 train_acc=0.9999 val_acc=0.6168
[target_seed0] epoch  57/100 loss=0.0058 train_acc=1.0000 val_acc=0.6210
[target_seed0] epoch  58/100 loss=0.0054 train_acc=1.0000 val_acc=0.6188
[target_seed0] epoch  59/100 loss=0.0052 train_acc=1.0000 val_acc=0.6188
[target_seed0] epoch  60/100 loss=0.0051 train_acc=1.0000 val_acc=0.6178
[target_seed0] epoch  61/100 loss=0.0050 train_acc=1.0000 val_acc=0.6180
[target_seed0] epoch  62/100 loss=0.0049 train_acc=1.0000 val_acc=0.6194
[target_seed0] epoch  63/100 loss=0.0049 train_acc=1.0000 val_acc=0.6186
[target_seed0] epoch  64/100 loss=0.0049 train_acc=1.0000 val_acc=0.6198
[target_seed0] epoch  65/100 loss=0.0049 train_acc=1.0000 val_acc=0.6178
[target_seed0] epoch  66/100 loss=0.0049 train_acc=1.0000 val_acc=0.6204
[target_seed0] epoch  67/100 loss=0.0050 train_acc=1.0000 val_acc=0.6200
[target_seed0] epoch  68/100 loss=0.0049 train_acc=1.0000 val_acc=0.6212
[target_seed0] epoch  69/100 loss=0.0049 train_acc=1.0000 val_acc=0.6206
[target_seed0] epoch  70/100 loss=0.0049 train_acc=1.0000 val_acc=0.6218
[target_seed0] epoch  71/100 loss=0.0050 train_acc=1.0000 val_acc=0.6224
[target_seed0] epoch  72/100 loss=0.0050 train_acc=1.0000 val_acc=0.6206
[target_seed0] epoch  73/100 loss=0.0050 train_acc=1.0000 val_acc=0.6196
[target_seed0] epoch  74/100 loss=0.0051 train_acc=1.0000 val_acc=0.6198
[target_seed0] epoch  75/100 loss=0.0051 train_acc=1.0000 val_acc=0.6200
[target_seed0] epoch  76/100 loss=0.0047 train_acc=1.0000 val_acc=0.6194
[target_seed0] epoch  77/100 loss=0.0047 train_acc=1.0000 val_acc=0.6200
[target_seed0] epoch  78/100 loss=0.0047 train_acc=1.0000 val_acc=0.6194
[target_seed0] epoch  79/100 loss=0.0047 train_acc=1.0000 val_acc=0.6192
[target_seed0] epoch  80/100 loss=0.0047 train_acc=1.0000 val_acc=0.6188
[target_seed0] epoch  81/100 loss=0.0047 train_acc=1.0000 val_acc=0.6186
[target_seed0] epoch  82/100 loss=0.0047 train_acc=1.0000 val_acc=0.6192
[target_seed0] epoch  83/100 loss=0.0047 train_acc=1.0000 val_acc=0.6186
[target_seed0] epoch  84/100 loss=0.0047 train_acc=1.0000 val_acc=0.6186
[target_seed0] epoch  85/100 loss=0.0047 train_acc=1.0000 val_acc=0.6188
[target_seed0] epoch  86/100 loss=0.0047 train_acc=1.0000 val_acc=0.6188
[target_seed0] epoch  87/100 loss=0.0048 train_acc=1.0000 val_acc=0.6190
[target_seed0] epoch  88/100 loss=0.0048 train_acc=1.0000 val_acc=0.6184
[target_seed0] epoch  89/100 loss=0.0048 train_acc=1.0000 val_acc=0.6188
[target_seed0] epoch  90/100 loss=0.0048 train_acc=1.0000 val_acc=0.6190
[target_seed0] epoch  91/100 loss=0.0048 train_acc=1.0000 val_acc=0.6184
[target_seed0] epoch  92/100 loss=0.0048 train_acc=1.0000 val_acc=0.6188
[target_seed0] epoch  93/100 loss=0.0048 train_acc=1.0000 val_acc=0.6186
[target_seed0] epoch  94/100 loss=0.0048 train_acc=1.0000 val_acc=0.6192
[target_seed0] epoch  95/100 loss=0.0048 train_acc=1.0000 val_acc=0.6188
[target_seed0] epoch  96/100 loss=0.0048 train_acc=1.0000 val_acc=0.6194
[target_seed0] epoch  97/100 loss=0.0048 train_acc=1.0000 val_acc=0.6190
[target_seed0] epoch  98/100 loss=0.0048 train_acc=1.0000 val_acc=0.6188
[target_seed0] epoch  99/100 loss=0.0048 train_acc=1.0000 val_acc=0.6190
[target_seed0] epoch 100/100 loss=0.0048 train_acc=1.0000 val_acc=0.6178
[done] target_seed0: test_acc=0.6205 in 5.2 min
[target_seed1] epoch   1/100 loss=2.2640 train_acc=0.3231 val_acc=0.3248
[target_seed1] epoch   2/100 loss=1.7796 train_acc=0.3928 val_acc=0.3996
[target_seed1] epoch   3/100 loss=1.6274 train_acc=0.4410 val_acc=0.4338
[target_seed1] epoch   4/100 loss=1.4924 train_acc=0.4698 val_acc=0.4572
[target_seed1] epoch   5/100 loss=1.4049 train_acc=0.5201 val_acc=0.4924
[target_seed1] epoch   6/100 loss=1.3120 train_acc=0.5591 val_acc=0.5264
[target_seed1] epoch   7/100 loss=1.2555 train_acc=0.5844 val_acc=0.5440
[target_seed1] epoch   8/100 loss=1.2076 train_acc=0.5817 val_acc=0.5432
[target_seed1] epoch   9/100 loss=1.1133 train_acc=0.6190 val_acc=0.5796
[target_seed1] epoch  10/100 loss=1.0745 train_acc=0.6539 val_acc=0.5914
[target_seed1] epoch  11/100 loss=1.0084 train_acc=0.6271 val_acc=0.5800
[target_seed1] epoch  12/100 loss=0.9629 train_acc=0.6622 val_acc=0.6012
[target_seed1] epoch  13/100 loss=0.9252 train_acc=0.6873 val_acc=0.6104
[target_seed1] epoch  14/100 loss=0.8960 train_acc=0.6803 val_acc=0.6064
[target_seed1] epoch  15/100 loss=0.8480 train_acc=0.7286 val_acc=0.6386
[target_seed1] epoch  16/100 loss=0.8208 train_acc=0.6839 val_acc=0.6046
[target_seed1] epoch  17/100 loss=0.8068 train_acc=0.7098 val_acc=0.6190
[target_seed1] epoch  18/100 loss=0.7558 train_acc=0.7480 val_acc=0.6290
[target_seed1] epoch  19/100 loss=0.7062 train_acc=0.7701 val_acc=0.6432
[target_seed1] epoch  20/100 loss=0.7122 train_acc=0.7940 val_acc=0.6524
[target_seed1] epoch  21/100 loss=0.6350 train_acc=0.7858 val_acc=0.6308
[target_seed1] epoch  22/100 loss=0.6387 train_acc=0.7952 val_acc=0.6494
[target_seed1] epoch  23/100 loss=0.6099 train_acc=0.7822 val_acc=0.6300
[target_seed1] epoch  24/100 loss=0.5908 train_acc=0.8225 val_acc=0.6450
[target_seed1] epoch  25/100 loss=0.5574 train_acc=0.8430 val_acc=0.6540
[target_seed1] epoch  26/100 loss=0.5402 train_acc=0.8093 val_acc=0.6370
[target_seed1] epoch  27/100 loss=0.5091 train_acc=0.8712 val_acc=0.6508
[target_seed1] epoch  28/100 loss=0.4788 train_acc=0.7879 val_acc=0.6118
[target_seed1] epoch  29/100 loss=0.4782 train_acc=0.8422 val_acc=0.6352
[target_seed1] epoch  30/100 loss=0.4730 train_acc=0.8612 val_acc=0.6460
[target_seed1] epoch  31/100 loss=0.4544 train_acc=0.8801 val_acc=0.6466
[target_seed1] epoch  32/100 loss=0.4074 train_acc=0.8641 val_acc=0.6312
[target_seed1] epoch  33/100 loss=0.3843 train_acc=0.9218 val_acc=0.6590
[target_seed1] epoch  34/100 loss=0.4082 train_acc=0.9041 val_acc=0.6614
[target_seed1] epoch  35/100 loss=0.3830 train_acc=0.9077 val_acc=0.6584
[target_seed1] epoch  36/100 loss=0.3617 train_acc=0.8823 val_acc=0.6234
[target_seed1] epoch  37/100 loss=0.3520 train_acc=0.8642 val_acc=0.6222
[target_seed1] epoch  38/100 loss=0.3765 train_acc=0.8855 val_acc=0.6358
[target_seed1] epoch  39/100 loss=0.3295 train_acc=0.8970 val_acc=0.6484
[target_seed1] epoch  40/100 loss=0.3405 train_acc=0.7698 val_acc=0.5772
[target_seed1] epoch  41/100 loss=0.3137 train_acc=0.9242 val_acc=0.6424
[target_seed1] epoch  42/100 loss=0.3011 train_acc=0.9188 val_acc=0.6496
[target_seed1] epoch  43/100 loss=0.3025 train_acc=0.9224 val_acc=0.6580
[target_seed1] epoch  44/100 loss=0.2946 train_acc=0.9294 val_acc=0.6528
[target_seed1] epoch  45/100 loss=0.3049 train_acc=0.9166 val_acc=0.6382
[target_seed1] epoch  46/100 loss=0.2976 train_acc=0.9345 val_acc=0.6494
[target_seed1] epoch  47/100 loss=0.2729 train_acc=0.9023 val_acc=0.6424
[target_seed1] epoch  48/100 loss=0.2889 train_acc=0.9302 val_acc=0.6572
[target_seed1] epoch  49/100 loss=0.2831 train_acc=0.8918 val_acc=0.6298
[target_seed1] epoch  50/100 loss=0.2697 train_acc=0.9361 val_acc=0.6478
[target_seed1] epoch  51/100 loss=0.0739 train_acc=0.9967 val_acc=0.6902
[target_seed1] epoch  52/100 loss=0.0211 train_acc=0.9998 val_acc=0.6922
[target_seed1] epoch  53/100 loss=0.0107 train_acc=1.0000 val_acc=0.6962
[target_seed1] epoch  54/100 loss=0.0074 train_acc=1.0000 val_acc=0.6960
[target_seed1] epoch  55/100 loss=0.0061 train_acc=1.0000 val_acc=0.6976
[target_seed1] epoch  56/100 loss=0.0054 train_acc=1.0000 val_acc=0.6972
[target_seed1] epoch  57/100 loss=0.0050 train_acc=1.0000 val_acc=0.6970
[target_seed1] epoch  58/100 loss=0.0048 train_acc=1.0000 val_acc=0.6964
[target_seed1] epoch  59/100 loss=0.0048 train_acc=1.0000 val_acc=0.6970
[target_seed1] epoch  60/100 loss=0.0047 train_acc=1.0000 val_acc=0.6968
[target_seed1] epoch  61/100 loss=0.0047 train_acc=1.0000 val_acc=0.6982
[target_seed1] epoch  62/100 loss=0.0047 train_acc=1.0000 val_acc=0.6974
[target_seed1] epoch  63/100 loss=0.0047 train_acc=1.0000 val_acc=0.6974
[target_seed1] epoch  64/100 loss=0.0047 train_acc=1.0000 val_acc=0.6978
[target_seed1] epoch  65/100 loss=0.0048 train_acc=1.0000 val_acc=0.6978
[target_seed1] epoch  66/100 loss=0.0048 train_acc=1.0000 val_acc=0.6966
[target_seed1] epoch  67/100 loss=0.0048 train_acc=1.0000 val_acc=0.6982
[target_seed1] epoch  68/100 loss=0.0048 train_acc=1.0000 val_acc=0.6990
[target_seed1] epoch  69/100 loss=0.0049 train_acc=1.0000 val_acc=0.7004
[target_seed1] epoch  70/100 loss=0.0049 train_acc=1.0000 val_acc=0.7002
[target_seed1] epoch  71/100 loss=0.0049 train_acc=1.0000 val_acc=0.6988
[target_seed1] epoch  72/100 loss=0.0049 train_acc=1.0000 val_acc=0.6984
[target_seed1] epoch  73/100 loss=0.0050 train_acc=1.0000 val_acc=0.6978
[target_seed1] epoch  74/100 loss=0.0050 train_acc=1.0000 val_acc=0.6978
[target_seed1] epoch  75/100 loss=0.0050 train_acc=1.0000 val_acc=0.6996
[target_seed1] epoch  76/100 loss=0.0047 train_acc=1.0000 val_acc=0.6980
[target_seed1] epoch  77/100 loss=0.0047 train_acc=1.0000 val_acc=0.6988
[target_seed1] epoch  78/100 loss=0.0047 train_acc=1.0000 val_acc=0.6994
[target_seed1] epoch  79/100 loss=0.0047 train_acc=1.0000 val_acc=0.6996
[target_seed1] epoch  80/100 loss=0.0047 train_acc=1.0000 val_acc=0.6998
[target_seed1] epoch  81/100 loss=0.0047 train_acc=1.0000 val_acc=0.6994
[target_seed1] epoch  82/100 loss=0.0047 train_acc=1.0000 val_acc=0.6996
[target_seed1] epoch  83/100 loss=0.0047 train_acc=1.0000 val_acc=0.6994
[target_seed1] epoch  84/100 loss=0.0047 train_acc=1.0000 val_acc=0.6994
[target_seed1] epoch  85/100 loss=0.0047 train_acc=1.0000 val_acc=0.6994
[target_seed1] epoch  86/100 loss=0.0047 train_acc=1.0000 val_acc=0.6996
[target_seed1] epoch  87/100 loss=0.0048 train_acc=1.0000 val_acc=0.6998
[target_seed1] epoch  88/100 loss=0.0048 train_acc=1.0000 val_acc=0.6992
[target_seed1] epoch  89/100 loss=0.0048 train_acc=1.0000 val_acc=0.6990
[target_seed1] epoch  90/100 loss=0.0048 train_acc=1.0000 val_acc=0.6994
[target_seed1] epoch  91/100 loss=0.0048 train_acc=1.0000 val_acc=0.7000
[target_seed1] epoch  92/100 loss=0.0048 train_acc=1.0000 val_acc=0.7000
[target_seed1] epoch  93/100 loss=0.0048 train_acc=1.0000 val_acc=0.6992
[target_seed1] epoch  94/100 loss=0.0048 train_acc=1.0000 val_acc=0.6996
[target_seed1] epoch  95/100 loss=0.0048 train_acc=1.0000 val_acc=0.7000
[target_seed1] epoch  96/100 loss=0.0048 train_acc=1.0000 val_acc=0.6992
[target_seed1] epoch  97/100 loss=0.0048 train_acc=1.0000 val_acc=0.7006
[target_seed1] epoch  98/100 loss=0.0048 train_acc=1.0000 val_acc=0.6996
[target_seed1] epoch  99/100 loss=0.0048 train_acc=1.0000 val_acc=0.6996
[target_seed1] epoch 100/100 loss=0.0048 train_acc=1.0000 val_acc=0.6988
[done] target_seed1: test_acc=0.6881 in 5.2 min
[target_seed2] epoch   1/100 loss=2.1252 train_acc=0.3706 val_acc=0.3524
[target_seed2] epoch   2/100 loss=nan train_acc=0.1000 val_acc=0.1000
[target_seed2] epoch   3/100 loss=nan train_acc=0.1000 val_acc=0.1000
[target_seed2] epoch   4/100 loss=nan train_acc=0.1000 val_acc=0.1000
[target_seed2] epoch   5/100 loss=nan train_acc=0.1000 val_acc=0.1000
[target_seed2] epoch   6/100 loss=nan train_acc=0.1000 val_acc=0.1000
[target_seed2] epoch   7/100 loss=nan train_acc=0.1000 val_acc=0.1000
[target_seed2] epoch   8/100 loss=nan train_acc=0.1000 val_acc=0.1000
[target_seed2] epoch   9/100 loss=nan train_acc=0.1000 val_acc=0.1000
[target_seed2] epoch  10/100 loss=nan train_acc=0.1000 val_acc=0.1000
[target_seed2] epoch  11/100 loss=nan train_acc=0.1000 val_acc=0.1000
[target_seed2] epoch  12/100 loss=nan train_acc=0.1000 val_acc=0.1000
[target_seed2] epoch  13/100 loss=nan train_acc=0.1000 val_acc=0.1000
[target_seed2] epoch  14/100 loss=nan train_acc=0.1000 val_acc=0.1000
[target_seed2] epoch  15/100 loss=nan train_acc=0.1000 val_acc=0.1000
[target_seed2] epoch  16/100 loss=nan train_acc=0.1000 val_acc=0.1000
[target_seed2] epoch  17/100 loss=nan train_acc=0.1000 val_acc=0.1000
[target_seed2] epoch  18/100 loss=nan train_acc=0.1000 val_acc=0.1000
[target_seed2] epoch  19/100 loss=nan train_acc=0.1000 val_acc=0.1000
[target_seed2] epoch  20/100 loss=nan train_acc=0.1000 val_acc=0.1000
[target_seed2] epoch  21/100 loss=nan train_acc=0.1000 val_acc=0.1000
[target_seed2] epoch  22/100 loss=nan train_acc=0.1000 val_acc=0.1000
[target_seed2] epoch  23/100 loss=nan train_acc=0.1000 val_acc=0.1000
[target_seed2] epoch  24/100 loss=nan train_acc=0.1000 val_acc=0.1000
[target_seed2] epoch  25/100 loss=nan train_acc=0.1000 val_acc=0.1000
[target_seed2] epoch  26/100 loss=nan train_acc=0.1000 val_acc=0.1000
[target_seed2] epoch  27/100 loss=nan train_acc=0.1000 val_acc=0.1000
[target_seed2] epoch  28/100 loss=nan train_acc=0.1000 val_acc=0.1000
[target_seed2] epoch  29/100 loss=nan train_acc=0.1000 val_acc=0.1000
[target_seed2] epoch  30/100 loss=nan train_acc=0.1000 val_acc=0.1000
[target_seed2] epoch  31/100 loss=nan train_acc=0.1000 val_acc=0.1000
[target_seed2] epoch  32/100 loss=nan train_acc=0.1000 val_acc=0.1000
[target_seed2] epoch  33/100 loss=nan train_acc=0.1000 val_acc=0.1000
[target_seed2] epoch  34/100 loss=nan train_acc=0.1000 val_acc=0.1000
[target_seed2] epoch  35/100 loss=nan train_acc=0.1000 val_acc=0.1000
[target_seed2] epoch  36/100 loss=nan train_acc=0.1000 val_acc=0.1000
[target_seed2] epoch  37/100 loss=nan train_acc=0.1000 val_acc=0.1000
[target_seed2] epoch  38/100 loss=nan train_acc=0.1000 val_acc=0.1000
[target_seed2] epoch  39/100 loss=nan train_acc=0.1000 val_acc=0.1000
[target_seed2] epoch  40/100 loss=nan train_acc=0.1000 val_acc=0.1000
[target_seed2] epoch  41/100 loss=nan train_acc=0.1000 val_acc=0.1000
[target_seed2] epoch  42/100 loss=nan train_acc=0.1000 val_acc=0.1000
[target_seed2] epoch  43/100 loss=nan train_acc=0.1000 val_acc=0.1000
[target_seed2] epoch  44/100 loss=nan train_acc=0.1000 val_acc=0.1000
[target_seed2] epoch  45/100 loss=nan train_acc=0.1000 val_acc=0.1000
[target_seed2] epoch  46/100 loss=nan train_acc=0.1000 val_acc=0.1000
[target_seed2] epoch  47/100 loss=nan train_acc=0.1000 val_acc=0.1000
[target_seed2] epoch  48/100 loss=nan train_acc=0.1000 val_acc=0.1000
[target_seed2] epoch  49/100 loss=nan train_acc=0.1000 val_acc=0.1000
[target_seed2] epoch  50/100 loss=nan train_acc=0.1000 val_acc=0.1000
[target_seed2] epoch  51/100 loss=nan train_acc=0.1000 val_acc=0.1000
[target_seed2] epoch  52/100 loss=nan train_acc=0.1000 val_acc=0.1000
[target_seed2] epoch  53/100 loss=nan train_acc=0.1000 val_acc=0.1000
[target_seed2] epoch  54/100 loss=nan train_acc=0.1000 val_acc=0.1000
[target_seed2] epoch  55/100 loss=nan train_acc=0.1000 val_acc=0.1000
[target_seed2] epoch  56/100 loss=nan train_acc=0.1000 val_acc=0.1000
[target_seed2] epoch  57/100 loss=nan train_acc=0.1000 val_acc=0.1000
[target_seed2] epoch  58/100 loss=nan train_acc=0.1000 val_acc=0.1000
[target_seed2] epoch  59/100 loss=nan train_acc=0.1000 val_acc=0.1000
[target_seed2] epoch  60/100 loss=nan train_acc=0.1000 val_acc=0.1000
[target_seed2] epoch  61/100 loss=nan train_acc=0.1000 val_acc=0.1000
[target_seed2] epoch  62/100 loss=nan train_acc=0.1000 val_acc=0.1000
[target_seed2] epoch  63/100 loss=nan train_acc=0.1000 val_acc=0.1000
[target_seed2] epoch  64/100 loss=nan train_acc=0.1000 val_acc=0.1000
[target_seed2] epoch  65/100 loss=nan train_acc=0.1000 val_acc=0.1000
[target_seed2] epoch  66/100 loss=nan train_acc=0.1000 val_acc=0.1000
[target_seed2] epoch  67/100 loss=nan train_acc=0.1000 val_acc=0.1000
[target_seed2] epoch  68/100 loss=nan train_acc=0.1000 val_acc=0.1000
[target_seed2] epoch  69/100 loss=nan train_acc=0.1000 val_acc=0.1000
[target_seed2] epoch  70/100 loss=nan train_acc=0.1000 val_acc=0.1000
[target_seed2] epoch  71/100 loss=nan train_acc=0.1000 val_acc=0.1000
[target_seed2] epoch  72/100 loss=nan train_acc=0.1000 val_acc=0.1000
[target_seed2] epoch  73/100 loss=nan train_acc=0.1000 val_acc=0.1000
[target_seed2] epoch  74/100 loss=nan train_acc=0.1000 val_acc=0.1000
[target_seed2] epoch  75/100 loss=nan train_acc=0.1000 val_acc=0.1000
[target_seed2] epoch  76/100 loss=nan train_acc=0.1000 val_acc=0.1000
[target_seed2] epoch  77/100 loss=nan train_acc=0.1000 val_acc=0.1000
[target_seed2] epoch  78/100 loss=nan train_acc=0.1000 val_acc=0.1000
[target_seed2] epoch  79/100 loss=nan train_acc=0.1000 val_acc=0.1000
[target_seed2] epoch  80/100 loss=nan train_acc=0.1000 val_acc=0.1000
[target_seed2] epoch  81/100 loss=nan train_acc=0.1000 val_acc=0.1000
[target_seed2] epoch  82/100 loss=nan train_acc=0.1000 val_acc=0.1000
[target_seed2] epoch  83/100 loss=nan train_acc=0.1000 val_acc=0.1000
[target_seed2] epoch  84/100 loss=nan train_acc=0.1000 val_acc=0.1000
[target_seed2] epoch  85/100 loss=nan train_acc=0.1000 val_acc=0.1000
[target_seed2] epoch  86/100 loss=nan train_acc=0.1000 val_acc=0.1000
[target_seed2] epoch  87/100 loss=nan train_acc=0.1000 val_acc=0.1000
[target_seed2] epoch  88/100 loss=nan train_acc=0.1000 val_acc=0.1000
[target_seed2] epoch  89/100 loss=nan train_acc=0.1000 val_acc=0.1000
[target_seed2] epoch  90/100 loss=nan train_acc=0.1000 val_acc=0.1000
[target_seed2] epoch  91/100 loss=nan train_acc=0.1000 val_acc=0.1000
[target_seed2] epoch  92/100 loss=nan train_acc=0.1000 val_acc=0.1000
[target_seed2] epoch  93/100 loss=nan train_acc=0.1000 val_acc=0.1000
[target_seed2] epoch  94/100 loss=nan train_acc=0.1000 val_acc=0.1000
[target_seed2] epoch  95/100 loss=nan train_acc=0.1000 val_acc=0.1000
[target_seed2] epoch  96/100 loss=nan train_acc=0.1000 val_acc=0.1000
[target_seed2] epoch  97/100 loss=nan train_acc=0.1000 val_acc=0.1000
[target_seed2] epoch  98/100 loss=nan train_acc=0.1000 val_acc=0.1000
[target_seed2] epoch  99/100 loss=nan train_acc=0.1000 val_acc=0.1000
[target_seed2] epoch 100/100 loss=nan train_acc=0.1000 val_acc=0.1000
[done] target_seed2: test_acc=0.1000 in 5.2 min

======================================================================
[stage] bundles
======================================================================
[shadow_seed0] epoch   1/100 loss=2.4373 train_acc=0.2259 val_acc=nan
[shadow_seed0] epoch   2/100 loss=2.1354 train_acc=0.2554 val_acc=nan
[shadow_seed0] epoch   3/100 loss=1.9078 train_acc=0.3418 val_acc=nan
[shadow_seed0] epoch   4/100 loss=1.8132 train_acc=0.3463 val_acc=nan
[shadow_seed0] epoch   5/100 loss=1.7165 train_acc=0.3683 val_acc=nan
[shadow_seed0] epoch   6/100 loss=1.6312 train_acc=0.4034 val_acc=nan
[shadow_seed0] epoch   7/100 loss=1.5977 train_acc=0.4315 val_acc=nan
[shadow_seed0] epoch   8/100 loss=1.5169 train_acc=0.4455 val_acc=nan
[shadow_seed0] epoch   9/100 loss=1.4729 train_acc=0.4344 val_acc=nan
[shadow_seed0] epoch  10/100 loss=1.4373 train_acc=0.4461 val_acc=nan
[shadow_seed0] epoch  11/100 loss=1.4081 train_acc=0.4976 val_acc=nan
[shadow_seed0] epoch  12/100 loss=1.3709 train_acc=0.5317 val_acc=nan
[shadow_seed0] epoch  13/100 loss=1.3226 train_acc=0.5163 val_acc=nan
[shadow_seed0] epoch  14/100 loss=1.2998 train_acc=0.5344 val_acc=nan
[shadow_seed0] epoch  15/100 loss=1.2709 train_acc=0.5584 val_acc=nan
[shadow_seed0] epoch  16/100 loss=1.2110 train_acc=0.5367 val_acc=nan
[shadow_seed0] epoch  17/100 loss=1.1822 train_acc=0.6173 val_acc=nan
[shadow_seed0] epoch  18/100 loss=1.1660 train_acc=0.5888 val_acc=nan
[shadow_seed0] epoch  19/100 loss=1.1085 train_acc=0.5900 val_acc=nan
[shadow_seed0] epoch  20/100 loss=1.0643 train_acc=0.5866 val_acc=nan
[shadow_seed0] epoch  21/100 loss=1.0271 train_acc=0.6398 val_acc=nan
[shadow_seed0] epoch  22/100 loss=0.9660 train_acc=0.6288 val_acc=nan
[shadow_seed0] epoch  23/100 loss=0.9350 train_acc=0.6385 val_acc=nan
[shadow_seed0] epoch  24/100 loss=0.8779 train_acc=0.7157 val_acc=nan
[shadow_seed0] epoch  25/100 loss=0.8658 train_acc=0.6958 val_acc=nan
[shadow_seed0] epoch  26/100 loss=0.8542 train_acc=0.7000 val_acc=nan
[shadow_seed0] epoch  27/100 loss=0.7683 train_acc=0.7948 val_acc=nan
[shadow_seed0] epoch  28/100 loss=0.6999 train_acc=0.7418 val_acc=nan
[shadow_seed0] epoch  29/100 loss=0.6768 train_acc=0.7597 val_acc=nan
[shadow_seed0] epoch  30/100 loss=0.6463 train_acc=0.7670 val_acc=nan
[shadow_seed0] epoch  31/100 loss=0.5965 train_acc=0.8039 val_acc=nan
[shadow_seed0] epoch  32/100 loss=0.5875 train_acc=0.7796 val_acc=nan
[shadow_seed0] epoch  33/100 loss=0.5337 train_acc=0.8060 val_acc=nan
[shadow_seed0] epoch  34/100 loss=0.5087 train_acc=0.8635 val_acc=nan
[shadow_seed0] epoch  35/100 loss=0.5057 train_acc=0.8255 val_acc=nan
[shadow_seed0] epoch  36/100 loss=0.4729 train_acc=0.8642 val_acc=nan
[shadow_seed0] epoch  37/100 loss=0.4213 train_acc=0.8376 val_acc=nan
[shadow_seed0] epoch  38/100 loss=0.4424 train_acc=0.8485 val_acc=nan
[shadow_seed0] epoch  39/100 loss=0.4022 train_acc=0.8229 val_acc=nan
[shadow_seed0] epoch  40/100 loss=0.4622 train_acc=0.9295 val_acc=nan
[shadow_seed0] epoch  41/100 loss=0.3184 train_acc=0.8597 val_acc=nan
[shadow_seed0] epoch  42/100 loss=0.3445 train_acc=0.9211 val_acc=nan
[shadow_seed0] epoch  43/100 loss=0.3858 train_acc=0.8726 val_acc=nan
[shadow_seed0] epoch  44/100 loss=0.3524 train_acc=0.9380 val_acc=nan
[shadow_seed0] epoch  45/100 loss=0.2486 train_acc=0.8965 val_acc=nan
[shadow_seed0] epoch  46/100 loss=0.2485 train_acc=0.9336 val_acc=nan
[shadow_seed0] epoch  47/100 loss=0.1989 train_acc=0.9170 val_acc=nan
[shadow_seed0] epoch  48/100 loss=0.2152 train_acc=0.8924 val_acc=nan
[shadow_seed0] epoch  49/100 loss=0.2238 train_acc=0.9290 val_acc=nan
[shadow_seed0] epoch  50/100 loss=0.2757 train_acc=0.9074 val_acc=nan
[shadow_seed0] epoch  51/100 loss=0.0722 train_acc=0.9984 val_acc=nan
[shadow_seed0] epoch  52/100 loss=0.0167 train_acc=0.9994 val_acc=nan
[shadow_seed0] epoch  53/100 loss=0.0101 train_acc=0.9997 val_acc=nan
[shadow_seed0] epoch  54/100 loss=0.0075 train_acc=0.9997 val_acc=nan
[shadow_seed0] epoch  55/100 loss=0.0062 train_acc=0.9998 val_acc=nan
[shadow_seed0] epoch  56/100 loss=0.0054 train_acc=0.9998 val_acc=nan
[shadow_seed0] epoch  57/100 loss=0.0049 train_acc=0.9999 val_acc=nan
[shadow_seed0] epoch  58/100 loss=0.0046 train_acc=0.9999 val_acc=nan
[shadow_seed0] epoch  59/100 loss=0.0043 train_acc=0.9999 val_acc=nan
[shadow_seed0] epoch  60/100 loss=0.0042 train_acc=0.9999 val_acc=nan
[shadow_seed0] epoch  61/100 loss=0.0041 train_acc=0.9999 val_acc=nan
[shadow_seed0] epoch  62/100 loss=0.0039 train_acc=0.9999 val_acc=nan
[shadow_seed0] epoch  63/100 loss=0.0038 train_acc=0.9999 val_acc=nan
[shadow_seed0] epoch  64/100 loss=0.0038 train_acc=0.9999 val_acc=nan
[shadow_seed0] epoch  65/100 loss=0.0038 train_acc=0.9999 val_acc=nan
[shadow_seed0] epoch  66/100 loss=0.0037 train_acc=0.9999 val_acc=nan
[shadow_seed0] epoch  67/100 loss=0.0037 train_acc=0.9999 val_acc=nan
[shadow_seed0] epoch  68/100 loss=0.0037 train_acc=0.9999 val_acc=nan
[shadow_seed0] epoch  69/100 loss=0.0037 train_acc=0.9999 val_acc=nan
[shadow_seed0] epoch  70/100 loss=0.0037 train_acc=0.9999 val_acc=nan
[shadow_seed0] epoch  71/100 loss=0.0037 train_acc=0.9999 val_acc=nan
[shadow_seed0] epoch  72/100 loss=0.0037 train_acc=0.9999 val_acc=nan
[shadow_seed0] epoch  73/100 loss=0.0037 train_acc=0.9999 val_acc=nan
[shadow_seed0] epoch  74/100 loss=0.0037 train_acc=0.9999 val_acc=nan
[shadow_seed0] epoch  75/100 loss=0.0037 train_acc=0.9999 val_acc=nan
[shadow_seed0] epoch  76/100 loss=0.0036 train_acc=0.9999 val_acc=nan
[shadow_seed0] epoch  77/100 loss=0.0036 train_acc=0.9999 val_acc=nan
[shadow_seed0] epoch  78/100 loss=0.0036 train_acc=0.9999 val_acc=nan
[shadow_seed0] epoch  79/100 loss=0.0036 train_acc=0.9999 val_acc=nan
[shadow_seed0] epoch  80/100 loss=0.0036 train_acc=0.9999 val_acc=nan
[shadow_seed0] epoch  81/100 loss=0.0036 train_acc=0.9999 val_acc=nan
[shadow_seed0] epoch  82/100 loss=0.0036 train_acc=0.9999 val_acc=nan
[shadow_seed0] epoch  83/100 loss=0.0036 train_acc=0.9999 val_acc=nan
[shadow_seed0] epoch  84/100 loss=0.0036 train_acc=0.9999 val_acc=nan
[shadow_seed0] epoch  85/100 loss=0.0036 train_acc=0.9999 val_acc=nan
[shadow_seed0] epoch  86/100 loss=0.0036 train_acc=0.9999 val_acc=nan
[shadow_seed0] epoch  87/100 loss=0.0036 train_acc=0.9999 val_acc=nan
[shadow_seed0] epoch  88/100 loss=0.0036 train_acc=0.9999 val_acc=nan
[shadow_seed0] epoch  89/100 loss=0.0036 train_acc=0.9999 val_acc=nan
[shadow_seed0] epoch  90/100 loss=0.0036 train_acc=0.9999 val_acc=nan
[shadow_seed0] epoch  91/100 loss=0.0036 train_acc=0.9999 val_acc=nan
[shadow_seed0] epoch  92/100 loss=0.0036 train_acc=0.9999 val_acc=nan
[shadow_seed0] epoch  93/100 loss=0.0036 train_acc=0.9999 val_acc=nan
[shadow_seed0] epoch  94/100 loss=0.0036 train_acc=0.9999 val_acc=nan
[shadow_seed0] epoch  95/100 loss=0.0036 train_acc=0.9999 val_acc=nan
[shadow_seed0] epoch  96/100 loss=0.0037 train_acc=0.9999 val_acc=nan
[shadow_seed0] epoch  97/100 loss=0.0037 train_acc=0.9999 val_acc=nan
[shadow_seed0] epoch  98/100 loss=0.0037 train_acc=0.9999 val_acc=nan
[shadow_seed0] epoch  99/100 loss=0.0037 train_acc=0.9999 val_acc=nan
[shadow_seed0] epoch 100/100 loss=0.0037 train_acc=0.9999 val_acc=nan
Traceback (most recent call last):
  File "/mnt/data/mia_benchmark_4090/repo/benchmark/scripts/run_all.py", line 43, in run_stage
    build_bundles.run(seed, epochs if epochs is not None
  File "/mnt/data/mia_benchmark_4090/repo/benchmark/scripts/build_bundles.py", line 67, in run
    torch.save({"state_dict": shadow.state_dict(), "seed": seeds["shadow_seed"], "recipe": RECIPE}, shadow_ckpt)
  File "/root/Agent-for-Dataset-Condensation/.venv/lib/python3.12/site-packages/torch/serialization.py", line 1003, in save
    with _open_zipfile_writer(f) as opened_zipfile:
         ^^^^^^^^^^^^^^^^^^^^^^^
  File "/root/Agent-for-Dataset-Condensation/.venv/lib/python3.12/site-packages/torch/serialization.py", line 865, in _open_zipfile_writer
    return container(name_or_buffer)  # type: ignore[arg-type]
           ^^^^^^^^^^^^^^^^^^^^^^^^^
  File "/root/Agent-for-Dataset-Condensation/.venv/lib/python3.12/site-packages/torch/serialization.py", line 829, in __init__
    torch._C.PyTorchFileWriter(
RuntimeError: Parent directory /mnt/data/mia_benchmark_4090/repo/benchmark/checkpoints/shadows does not exist.
[abort] stage bundles failed; fix and re-run (resume-safe)

======================================================================
[stage] manifest
======================================================================
building manifest for seed=0
manifest written: /mnt/data/mia_benchmark_4090/repo/benchmark/splits/cifar10/seed0/manifest.json
  pool=25000 population=2500 member_eval=10000 nonmember=10000
building manifest for seed=1
manifest written: /mnt/data/mia_benchmark_4090/repo/benchmark/splits/cifar10/seed1/manifest.json
  pool=25000 population=2500 member_eval=10000 nonmember=10000
building manifest for seed=2
manifest written: /mnt/data/mia_benchmark_4090/repo/benchmark/splits/cifar10/seed2/manifest.json
  pool=25000 population=2500 member_eval=10000 nonmember=10000

======================================================================
[stage] target
======================================================================
[skip] target_seed0 already done
[skip] target_seed1 already done
[target_seed2] epoch   1/100 loss=2.2816 train_acc=0.3241 val_acc=0.3246
[target_seed2] epoch   2/100 loss=1.7838 train_acc=0.3657 val_acc=0.3494
[target_seed2] epoch   3/100 loss=1.6022 train_acc=0.4373 val_acc=0.4202
[target_seed2] epoch   4/100 loss=1.4916 train_acc=0.4872 val_acc=0.4732
[target_seed2] epoch   5/100 loss=1.3996 train_acc=0.4854 val_acc=0.4608
[target_seed2] epoch   6/100 loss=1.3309 train_acc=0.5104 val_acc=0.4832
[target_seed2] epoch   7/100 loss=1.2839 train_acc=0.5798 val_acc=0.5462
[target_seed2] epoch   8/100 loss=1.2132 train_acc=0.5848 val_acc=0.5508
[target_seed2] epoch   9/100 loss=1.1378 train_acc=0.6027 val_acc=0.5486
[target_seed2] epoch  10/100 loss=1.1047 train_acc=0.6129 val_acc=0.5540
[target_seed2] epoch  11/100 loss=1.0475 train_acc=0.6165 val_acc=0.5490
[target_seed2] epoch  12/100 loss=1.0199 train_acc=0.6429 val_acc=0.5682
[target_seed2] epoch  13/100 loss=0.9767 train_acc=0.6645 val_acc=0.5796
[target_seed2] epoch  14/100 loss=0.9096 train_acc=0.7044 val_acc=0.5978
[target_seed2] epoch  15/100 loss=0.8819 train_acc=0.6772 val_acc=0.5706
[target_seed2] epoch  16/100 loss=0.8327 train_acc=0.7495 val_acc=0.6110
[target_seed2] epoch  17/100 loss=0.7879 train_acc=0.7583 val_acc=0.6038
[target_seed2] epoch  18/100 loss=0.7514 train_acc=0.7886 val_acc=0.6234
[target_seed2] epoch  19/100 loss=0.6895 train_acc=0.8006 val_acc=0.6186
[target_seed2] epoch  20/100 loss=0.6805 train_acc=0.7458 val_acc=0.5744
[target_seed2] epoch  21/100 loss=0.6496 train_acc=0.8338 val_acc=0.6148
[target_seed2] epoch  22/100 loss=0.6010 train_acc=0.8341 val_acc=0.6202
[target_seed2] epoch  23/100 loss=0.5848 train_acc=0.8440 val_acc=0.6092
[target_seed2] epoch  24/100 loss=0.5417 train_acc=0.8600 val_acc=0.6276
[target_seed2] epoch  25/100 loss=0.5282 train_acc=0.8245 val_acc=0.5992
[target_seed2] epoch  26/100 loss=0.5145 train_acc=0.8670 val_acc=0.6160
[target_seed2] epoch  27/100 loss=0.4713 train_acc=0.8579 val_acc=0.6044
[target_seed2] epoch  28/100 loss=0.4363 train_acc=0.9010 val_acc=0.6282
[target_seed2] epoch  29/100 loss=0.4263 train_acc=0.8710 val_acc=0.6046
[target_seed2] epoch  30/100 loss=0.4126 train_acc=0.8842 val_acc=0.6102
[target_seed2] epoch  31/100 loss=0.3973 train_acc=0.9046 val_acc=0.6210
[target_seed2] epoch  32/100 loss=0.3982 train_acc=0.8429 val_acc=0.5788
[target_seed2] epoch  33/100 loss=0.3657 train_acc=0.9054 val_acc=0.6190
[target_seed2] epoch  34/100 loss=0.3358 train_acc=0.8886 val_acc=0.6192
[target_seed2] epoch  35/100 loss=0.3343 train_acc=0.9034 val_acc=0.6010
[target_seed2] epoch  36/100 loss=0.3312 train_acc=0.9153 val_acc=0.6190
[target_seed2] epoch  37/100 loss=0.2975 train_acc=0.9412 val_acc=0.6254
[target_seed2] epoch  38/100 loss=0.2927 train_acc=0.8936 val_acc=0.6026
[target_seed2] epoch  39/100 loss=0.2972 train_acc=0.9255 val_acc=0.6192
[target_seed2] epoch  40/100 loss=0.2924 train_acc=0.8571 val_acc=0.5770
[target_seed2] epoch  41/100 loss=0.2673 train_acc=0.9054 val_acc=0.6038
[target_seed2] epoch  42/100 loss=0.2833 train_acc=0.9301 val_acc=0.6246
[target_seed2] epoch  43/100 loss=0.2964 train_acc=0.9086 val_acc=0.6050
[target_seed2] epoch  44/100 loss=0.2668 train_acc=0.9524 val_acc=0.6316
[target_seed2] epoch  45/100 loss=0.2541 train_acc=0.9548 val_acc=0.6254
[target_seed2] epoch  46/100 loss=0.2575 train_acc=0.9096 val_acc=0.6102
[target_seed2] epoch  47/100 loss=0.2649 train_acc=0.9170 val_acc=0.6194
[target_seed2] epoch  48/100 loss=0.2477 train_acc=0.9280 val_acc=0.6154
[target_seed2] epoch  49/100 loss=0.2413 train_acc=0.8788 val_acc=0.5762
[target_seed2] epoch  50/100 loss=0.2643 train_acc=0.8861 val_acc=0.5834
[target_seed2] epoch  51/100 loss=0.0698 train_acc=0.9978 val_acc=0.6622
[target_seed2] epoch  52/100 loss=0.0164 train_acc=0.9997 val_acc=0.6684
[target_seed2] epoch  53/100 loss=0.0083 train_acc=1.0000 val_acc=0.6696
[target_seed2] epoch  54/100 loss=0.0060 train_acc=1.0000 val_acc=0.6682
[target_seed2] epoch  55/100 loss=0.0050 train_acc=1.0000 val_acc=0.6670
[target_seed2] epoch  56/100 loss=0.0046 train_acc=1.0000 val_acc=0.6676
[target_seed2] epoch  57/100 loss=0.0043 train_acc=1.0000 val_acc=0.6704
[target_seed2] epoch  58/100 loss=0.0042 train_acc=1.0000 val_acc=0.6706
[target_seed2] epoch  59/100 loss=0.0041 train_acc=1.0000 val_acc=0.6696
[target_seed2] epoch  60/100 loss=0.0041 train_acc=1.0000 val_acc=0.6692
[target_seed2] epoch  61/100 loss=0.0041 train_acc=1.0000 val_acc=0.6692
[target_seed2] epoch  62/100 loss=0.0041 train_acc=1.0000 val_acc=0.6704
[target_seed2] epoch  63/100 loss=0.0041 train_acc=1.0000 val_acc=0.6710
[target_seed2] epoch  64/100 loss=0.0041 train_acc=1.0000 val_acc=0.6704
[target_seed2] epoch  65/100 loss=0.0041 train_acc=1.0000 val_acc=0.6708
[target_seed2] epoch  66/100 loss=0.0041 train_acc=1.0000 val_acc=0.6712
[target_seed2] epoch  67/100 loss=0.0042 train_acc=1.0000 val_acc=0.6708
[target_seed2] epoch  68/100 loss=0.0042 train_acc=1.0000 val_acc=0.6702
[target_seed2] epoch  69/100 loss=0.0042 train_acc=1.0000 val_acc=0.6702
[target_seed2] epoch  70/100 loss=0.0042 train_acc=1.0000 val_acc=0.6698
[target_seed2] epoch  71/100 loss=0.0042 train_acc=1.0000 val_acc=0.6718
[target_seed2] epoch  72/100 loss=0.0043 train_acc=1.0000 val_acc=0.6710
[target_seed2] epoch  73/100 loss=0.0043 train_acc=1.0000 val_acc=0.6724
[target_seed2] epoch  74/100 loss=0.0043 train_acc=1.0000 val_acc=0.6718
[target_seed2] epoch  75/100 loss=0.0043 train_acc=1.0000 val_acc=0.6730
[target_seed2] epoch  76/100 loss=0.0041 train_acc=1.0000 val_acc=0.6718
[target_seed2] epoch  77/100 loss=0.0041 train_acc=1.0000 val_acc=0.6724
[target_seed2] epoch  78/100 loss=0.0041 train_acc=1.0000 val_acc=0.6722
[target_seed2] epoch  79/100 loss=0.0041 train_acc=1.0000 val_acc=0.6726
[target_seed2] epoch  80/100 loss=0.0041 train_acc=1.0000 val_acc=0.6730
[target_seed2] epoch  81/100 loss=0.0041 train_acc=1.0000 val_acc=0.6724
[target_seed2] epoch  82/100 loss=0.0041 train_acc=1.0000 val_acc=0.6730
[target_seed2] epoch  83/100 loss=0.0041 train_acc=1.0000 val_acc=0.6730
[target_seed2] epoch  84/100 loss=0.0041 train_acc=1.0000 val_acc=0.6724
[target_seed2] epoch  85/100 loss=0.0041 train_acc=1.0000 val_acc=0.6736
[target_seed2] epoch  86/100 loss=0.0041 train_acc=1.0000 val_acc=0.6732
[target_seed2] epoch  87/100 loss=0.0041 train_acc=1.0000 val_acc=0.6732
[target_seed2] epoch  88/100 loss=0.0041 train_acc=1.0000 val_acc=0.6736
[target_seed2] epoch  89/100 loss=0.0041 train_acc=1.0000 val_acc=0.6736
[target_seed2] epoch  90/100 loss=0.0041 train_acc=1.0000 val_acc=0.6738
[target_seed2] epoch  91/100 loss=0.0042 train_acc=1.0000 val_acc=0.6738
[target_seed2] epoch  92/100 loss=0.0042 train_acc=1.0000 val_acc=0.6740
[target_seed2] epoch  93/100 loss=0.0042 train_acc=1.0000 val_acc=0.6740
[target_seed2] epoch  94/100 loss=0.0042 train_acc=1.0000 val_acc=0.6732
[target_seed2] epoch  95/100 loss=0.0042 train_acc=1.0000 val_acc=0.6734
[target_seed2] epoch  96/100 loss=0.0042 train_acc=1.0000 val_acc=0.6732
[target_seed2] epoch  97/100 loss=0.0042 train_acc=1.0000 val_acc=0.6738
[target_seed2] epoch  98/100 loss=0.0042 train_acc=1.0000 val_acc=0.6740
[target_seed2] epoch  99/100 loss=0.0042 train_acc=1.0000 val_acc=0.6738
[target_seed2] epoch 100/100 loss=0.0042 train_acc=1.0000 val_acc=0.6732
[done] target_seed2: test_acc=0.6645 in 5.2 min

======================================================================
[stage] bundles
======================================================================
[shadow_seed0] epoch   1/100 loss=2.3945 train_acc=0.2666 val_acc=nan
[shadow_seed0] epoch   2/100 loss=2.0864 train_acc=0.2685 val_acc=nan
[shadow_seed0] epoch   3/100 loss=1.8731 train_acc=0.3154 val_acc=nan
[shadow_seed0] epoch   4/100 loss=1.7425 train_acc=0.3771 val_acc=nan
[shadow_seed0] epoch   5/100 loss=1.6562 train_acc=0.3902 val_acc=nan
[shadow_seed0] epoch   6/100 loss=1.5922 train_acc=0.4342 val_acc=nan
[shadow_seed0] epoch   7/100 loss=1.5009 train_acc=0.4727 val_acc=nan
[shadow_seed0] epoch   8/100 loss=1.4480 train_acc=0.4327 val_acc=nan
[shadow_seed0] epoch   9/100 loss=1.3869 train_acc=0.4970 val_acc=nan
[shadow_seed0] epoch  10/100 loss=1.3463 train_acc=0.4719 val_acc=nan
[shadow_seed0] epoch  11/100 loss=1.3293 train_acc=0.5495 val_acc=nan
[shadow_seed0] epoch  12/100 loss=1.2700 train_acc=0.5452 val_acc=nan
[shadow_seed0] epoch  13/100 loss=1.2298 train_acc=0.6035 val_acc=nan
[shadow_seed0] epoch  14/100 loss=1.1497 train_acc=0.5663 val_acc=nan
[shadow_seed0] epoch  15/100 loss=1.1182 train_acc=0.5746 val_acc=nan
[shadow_seed0] epoch  16/100 loss=1.0818 train_acc=0.5679 val_acc=nan
[shadow_seed0] epoch  17/100 loss=1.0526 train_acc=0.6263 val_acc=nan
[shadow_seed0] epoch  18/100 loss=1.0161 train_acc=0.6034 val_acc=nan
[shadow_seed0] epoch  19/100 loss=0.9569 train_acc=0.6875 val_acc=nan
[shadow_seed0] epoch  20/100 loss=0.9050 train_acc=0.7109 val_acc=nan
[shadow_seed0] epoch  21/100 loss=0.8606 train_acc=0.7397 val_acc=nan
[shadow_seed0] epoch  22/100 loss=0.8214 train_acc=0.6669 val_acc=nan
[shadow_seed0] epoch  23/100 loss=0.7869 train_acc=0.7561 val_acc=nan
[shadow_seed0] epoch  24/100 loss=0.7575 train_acc=0.7645 val_acc=nan
[shadow_seed0] epoch  25/100 loss=0.7052 train_acc=0.7396 val_acc=nan
[shadow_seed0] epoch  26/100 loss=0.7232 train_acc=0.6471 val_acc=nan
[shadow_seed0] epoch  27/100 loss=0.6894 train_acc=0.7562 val_acc=nan
[shadow_seed0] epoch  28/100 loss=0.6165 train_acc=0.7433 val_acc=nan
[shadow_seed0] epoch  29/100 loss=0.6525 train_acc=0.8047 val_acc=nan
[shadow_seed0] epoch  30/100 loss=0.5069 train_acc=0.8686 val_acc=nan
[shadow_seed0] epoch  31/100 loss=0.4947 train_acc=0.8410 val_acc=nan
[shadow_seed0] epoch  32/100 loss=0.4883 train_acc=0.8502 val_acc=nan
[shadow_seed0] epoch  33/100 loss=0.5048 train_acc=0.8852 val_acc=nan
[shadow_seed0] epoch  34/100 loss=0.4409 train_acc=0.8821 val_acc=nan
[shadow_seed0] epoch  35/100 loss=0.3940 train_acc=0.8894 val_acc=nan
[shadow_seed0] epoch  36/100 loss=0.3973 train_acc=0.8735 val_acc=nan
[shadow_seed0] epoch  37/100 loss=0.4070 train_acc=0.8587 val_acc=nan
[shadow_seed0] epoch  38/100 loss=0.3373 train_acc=0.8446 val_acc=nan
[shadow_seed0] epoch  39/100 loss=0.3135 train_acc=0.8703 val_acc=nan
[shadow_seed0] epoch  40/100 loss=0.2651 train_acc=0.9255 val_acc=nan
[shadow_seed0] epoch  41/100 loss=0.2878 train_acc=0.8563 val_acc=nan
[shadow_seed0] epoch  42/100 loss=0.3109 train_acc=0.8758 val_acc=nan
[shadow_seed0] epoch  43/100 loss=0.3306 train_acc=0.8842 val_acc=nan
[shadow_seed0] epoch  44/100 loss=0.2538 train_acc=0.9298 val_acc=nan
[shadow_seed0] epoch  45/100 loss=0.1869 train_acc=0.9174 val_acc=nan
[shadow_seed0] epoch  46/100 loss=0.2630 train_acc=0.9189 val_acc=nan
[shadow_seed0] epoch  47/100 loss=0.2219 train_acc=0.9282 val_acc=nan
[shadow_seed0] epoch  48/100 loss=0.1953 train_acc=0.9465 val_acc=nan
[shadow_seed0] epoch  49/100 loss=0.2307 train_acc=0.9435 val_acc=nan
[shadow_seed0] epoch  50/100 loss=0.1853 train_acc=0.9035 val_acc=nan
[shadow_seed0] epoch  51/100 loss=0.0664 train_acc=0.9989 val_acc=nan
[shadow_seed0] epoch  52/100 loss=0.0177 train_acc=1.0000 val_acc=nan
[shadow_seed0] epoch  53/100 loss=0.0109 train_acc=0.9999 val_acc=nan
[shadow_seed0] epoch  54/100 loss=0.0078 train_acc=1.0000 val_acc=nan
[shadow_seed0] epoch  55/100 loss=0.0065 train_acc=1.0000 val_acc=nan
[shadow_seed0] epoch  56/100 loss=0.0056 train_acc=1.0000 val_acc=nan
[shadow_seed0] epoch  57/100 loss=0.0050 train_acc=1.0000 val_acc=nan
[shadow_seed0] epoch  58/100 loss=0.0047 train_acc=1.0000 val_acc=nan
[shadow_seed0] epoch  59/100 loss=0.0044 train_acc=1.0000 val_acc=nan
[shadow_seed0] epoch  60/100 loss=0.0042 train_acc=1.0000 val_acc=nan
[shadow_seed0] epoch  61/100 loss=0.0041 train_acc=1.0000 val_acc=nan
[shadow_seed0] epoch  62/100 loss=0.0040 train_acc=1.0000 val_acc=nan
[shadow_seed0] epoch  63/100 loss=0.0039 train_acc=1.0000 val_acc=nan
[shadow_seed0] epoch  64/100 loss=0.0039 train_acc=1.0000 val_acc=nan
[shadow_seed0] epoch  65/100 loss=0.0039 train_acc=1.0000 val_acc=nan
[shadow_seed0] epoch  66/100 loss=0.0039 train_acc=1.0000 val_acc=nan
[shadow_seed0] epoch  67/100 loss=0.0039 train_acc=1.0000 val_acc=nan
[shadow_seed0] epoch  68/100 loss=0.0039 train_acc=1.0000 val_acc=nan
[shadow_seed0] epoch  69/100 loss=0.0039 train_acc=1.0000 val_acc=nan
[shadow_seed0] epoch  70/100 loss=0.0039 train_acc=1.0000 val_acc=nan
[shadow_seed0] epoch  71/100 loss=0.0039 train_acc=1.0000 val_acc=nan
[shadow_seed0] epoch  72/100 loss=0.0039 train_acc=1.0000 val_acc=nan
[shadow_seed0] epoch  73/100 loss=0.0040 train_acc=1.0000 val_acc=nan
[shadow_seed0] epoch  74/100 loss=0.0040 train_acc=1.0000 val_acc=nan
[shadow_seed0] epoch  75/100 loss=0.0040 train_acc=1.0000 val_acc=nan
[shadow_seed0] epoch  76/100 loss=0.0039 train_acc=1.0000 val_acc=nan
[shadow_seed0] epoch  77/100 loss=0.0039 train_acc=1.0000 val_acc=nan
[shadow_seed0] epoch  78/100 loss=0.0039 train_acc=1.0000 val_acc=nan
[shadow_seed0] epoch  79/100 loss=0.0039 train_acc=1.0000 val_acc=nan
[shadow_seed0] epoch  80/100 loss=0.0039 train_acc=1.0000 val_acc=nan
[shadow_seed0] epoch  81/100 loss=0.0039 train_acc=1.0000 val_acc=nan
[shadow_seed0] epoch  82/100 loss=0.0039 train_acc=1.0000 val_acc=nan
[shadow_seed0] epoch  83/100 loss=0.0039 train_acc=1.0000 val_acc=nan
[shadow_seed0] epoch  84/100 loss=0.0039 train_acc=1.0000 val_acc=nan
[shadow_seed0] epoch  85/100 loss=0.0039 train_acc=1.0000 val_acc=nan
[shadow_seed0] epoch  86/100 loss=0.0039 train_acc=1.0000 val_acc=nan
[shadow_seed0] epoch  87/100 loss=0.0040 train_acc=1.0000 val_acc=nan
[shadow_seed0] epoch  88/100 loss=0.0040 train_acc=1.0000 val_acc=nan
[shadow_seed0] epoch  89/100 loss=0.0040 train_acc=1.0000 val_acc=nan
[shadow_seed0] epoch  90/100 loss=0.0040 train_acc=1.0000 val_acc=nan
[shadow_seed0] epoch  91/100 loss=0.0040 train_acc=1.0000 val_acc=nan
[shadow_seed0] epoch  92/100 loss=0.0040 train_acc=1.0000 val_acc=nan
[shadow_seed0] epoch  93/100 loss=0.0040 train_acc=1.0000 val_acc=nan
[shadow_seed0] epoch  94/100 loss=0.0040 train_acc=1.0000 val_acc=nan
[shadow_seed0] epoch  95/100 loss=0.0040 train_acc=1.0000 val_acc=nan
[shadow_seed0] epoch  96/100 loss=0.0040 train_acc=1.0000 val_acc=nan
[shadow_seed0] epoch  97/100 loss=0.0040 train_acc=1.0000 val_acc=nan
[shadow_seed0] epoch  98/100 loss=0.0040 train_acc=1.0000 val_acc=nan
[shadow_seed0] epoch  99/100 loss=0.0040 train_acc=1.0000 val_acc=nan
[shadow_seed0] epoch 100/100 loss=0.0040 train_acc=1.0000 val_acc=nan
[bundle] shadow done in 2.5 min (train acc on members: 1.0000)
[ref0_seed0] epoch   1/100 loss=2.2308 train_acc=0.3172 val_acc=nan
[ref0_seed0] epoch   2/100 loss=nan train_acc=0.1017 val_acc=nan
[ref0_seed0] epoch   3/100 loss=nan train_acc=0.1017 val_acc=nan
[ref0_seed0] epoch   4/100 loss=nan train_acc=0.1017 val_acc=nan
[ref0_seed0] epoch   5/100 loss=nan train_acc=0.1017 val_acc=nan
[ref0_seed0] epoch   6/100 loss=nan train_acc=0.1017 val_acc=nan
[ref0_seed0] epoch   7/100 loss=nan train_acc=0.1017 val_acc=nan
[ref0_seed0] epoch   8/100 loss=nan train_acc=0.1017 val_acc=nan
[ref0_seed0] epoch   9/100 loss=nan train_acc=0.1017 val_acc=nan
[ref0_seed0] epoch  10/100 loss=nan train_acc=0.1017 val_acc=nan
[ref0_seed0] epoch  11/100 loss=nan train_acc=0.1017 val_acc=nan
[ref0_seed0] epoch  12/100 loss=nan train_acc=0.1017 val_acc=nan
[ref0_seed0] epoch  13/100 loss=nan train_acc=0.1017 val_acc=nan
[ref0_seed0] epoch  14/100 loss=nan train_acc=0.1017 val_acc=nan
[ref0_seed0] epoch  15/100 loss=nan train_acc=0.1017 val_acc=nan
[ref0_seed0] epoch  16/100 loss=nan train_acc=0.1017 val_acc=nan
[ref0_seed0] epoch  17/100 loss=nan train_acc=0.1017 val_acc=nan
[ref0_seed0] epoch  18/100 loss=nan train_acc=0.1017 val_acc=nan
[ref0_seed0] epoch  19/100 loss=nan train_acc=0.1017 val_acc=nan
[ref0_seed0] epoch  20/100 loss=nan train_acc=0.1017 val_acc=nan
[ref0_seed0] epoch  21/100 loss=nan train_acc=0.1017 val_acc=nan
[ref0_seed0] epoch  22/100 loss=nan train_acc=0.1017 val_acc=nan
[ref0_seed0] epoch  23/100 loss=nan train_acc=0.1017 val_acc=nan
[ref0_seed0] epoch  24/100 loss=nan train_acc=0.1017 val_acc=nan
[ref0_seed0] epoch  25/100 loss=nan train_acc=0.1017 val_acc=nan
[ref0_seed0] epoch  26/100 loss=nan train_acc=0.1017 val_acc=nan
[ref0_seed0] epoch  27/100 loss=nan train_acc=0.1017 val_acc=nan
[ref0_seed0] epoch  28/100 loss=nan train_acc=0.1017 val_acc=nan
[ref0_seed0] epoch  29/100 loss=nan train_acc=0.1017 val_acc=nan
[ref0_seed0] epoch  30/100 loss=nan train_acc=0.1017 val_acc=nan
[ref0_seed0] epoch  31/100 loss=nan train_acc=0.1017 val_acc=nan
[ref0_seed0] epoch  32/100 loss=nan train_acc=0.1017 val_acc=nan
[ref0_seed0] epoch  33/100 loss=nan train_acc=0.1017 val_acc=nan
[ref0_seed0] epoch  34/100 loss=nan train_acc=0.1017 val_acc=nan
[ref0_seed0] epoch  35/100 loss=nan train_acc=0.1017 val_acc=nan
[ref0_seed0] epoch  36/100 loss=nan train_acc=0.1017 val_acc=nan
[ref0_seed0] epoch  37/100 loss=nan train_acc=0.1017 val_acc=nan
[ref0_seed0] epoch  38/100 loss=nan train_acc=0.1017 val_acc=nan
[ref0_seed0] epoch  39/100 loss=nan train_acc=0.1017 val_acc=nan
[ref0_seed0] epoch  40/100 loss=nan train_acc=0.1017 val_acc=nan
[ref0_seed0] epoch  41/100 loss=nan train_acc=0.1017 val_acc=nan
[ref0_seed0] epoch  42/100 loss=nan train_acc=0.1017 val_acc=nan
[ref0_seed0] epoch  43/100 loss=nan train_acc=0.1017 val_acc=nan
[ref0_seed0] epoch  44/100 loss=nan train_acc=0.1017 val_acc=nan
[ref0_seed0] epoch  45/100 loss=nan train_acc=0.1017 val_acc=nan
[ref0_seed0] epoch  46/100 loss=nan train_acc=0.1017 val_acc=nan
[ref0_seed0] epoch  47/100 loss=nan train_acc=0.1017 val_acc=nan
[ref0_seed0] epoch  48/100 loss=nan train_acc=0.1017 val_acc=nan
[ref0_seed0] epoch  49/100 loss=nan train_acc=0.1017 val_acc=nan
[ref0_seed0] epoch  50/100 loss=nan train_acc=0.1017 val_acc=nan
[ref0_seed0] epoch  51/100 loss=nan train_acc=0.1017 val_acc=nan
[ref0_seed0] epoch  52/100 loss=nan train_acc=0.1017 val_acc=nan
[ref0_seed0] epoch  53/100 loss=nan train_acc=0.1017 val_acc=nan
[ref0_seed0] epoch  54/100 loss=nan train_acc=0.1017 val_acc=nan
[ref0_seed0] epoch  55/100 loss=nan train_acc=0.1017 val_acc=nan
[ref0_seed0] epoch  56/100 loss=nan train_acc=0.1017 val_acc=nan
[ref0_seed0] epoch  57/100 loss=nan train_acc=0.1017 val_acc=nan
[ref0_seed0] epoch  58/100 loss=nan train_acc=0.1017 val_acc=nan
[ref0_seed0] epoch  59/100 loss=nan train_acc=0.1017 val_acc=nan
[ref0_seed0] epoch  60/100 loss=nan train_acc=0.1017 val_acc=nan
[ref0_seed0] epoch  61/100 loss=nan train_acc=0.1017 val_acc=nan
[ref0_seed0] epoch  62/100 loss=nan train_acc=0.1017 val_acc=nan
[ref0_seed0] epoch  63/100 loss=nan train_acc=0.1017 val_acc=nan
[ref0_seed0] epoch  64/100 loss=nan train_acc=0.1017 val_acc=nan
[ref0_seed0] epoch  65/100 loss=nan train_acc=0.1017 val_acc=nan
[ref0_seed0] epoch  66/100 loss=nan train_acc=0.1017 val_acc=nan
[ref0_seed0] epoch  67/100 loss=nan train_acc=0.1017 val_acc=nan
[ref0_seed0] epoch  68/100 loss=nan train_acc=0.1017 val_acc=nan
[ref0_seed0] epoch  69/100 loss=nan train_acc=0.1017 val_acc=nan
[ref0_seed0] epoch  70/100 loss=nan train_acc=0.1017 val_acc=nan
[ref0_seed0] epoch  71/100 loss=nan train_acc=0.1017 val_acc=nan
[ref0_seed0] epoch  72/100 loss=nan train_acc=0.1017 val_acc=nan
[ref0_seed0] epoch  73/100 loss=nan train_acc=0.1017 val_acc=nan
[ref0_seed0] epoch  74/100 loss=nan train_acc=0.1017 val_acc=nan
[ref0_seed0] epoch  75/100 loss=nan train_acc=0.1017 val_acc=nan
[ref0_seed0] epoch  76/100 loss=nan train_acc=0.1017 val_acc=nan
[ref0_seed0] epoch  77/100 loss=nan train_acc=0.1017 val_acc=nan
[ref0_seed0] epoch  78/100 loss=nan train_acc=0.1017 val_acc=nan
[ref0_seed0] epoch  79/100 loss=nan train_acc=0.1017 val_acc=nan
[ref0_seed0] epoch  80/100 loss=nan train_acc=0.1017 val_acc=nan
[ref0_seed0] epoch  81/100 loss=nan train_acc=0.1017 val_acc=nan
[ref0_seed0] epoch  82/100 loss=nan train_acc=0.1017 val_acc=nan
[ref0_seed0] epoch  83/100 loss=nan train_acc=0.1017 val_acc=nan
[ref0_seed0] epoch  84/100 loss=nan train_acc=0.1017 val_acc=nan
[ref0_seed0] epoch  85/100 loss=nan train_acc=0.1017 val_acc=nan
[ref0_seed0] epoch  86/100 loss=nan train_acc=0.1017 val_acc=nan
[ref0_seed0] epoch  87/100 loss=nan train_acc=0.1017 val_acc=nan
[ref0_seed0] epoch  88/100 loss=nan train_acc=0.1017 val_acc=nan
[ref0_seed0] epoch  89/100 loss=nan train_acc=0.1017 val_acc=nan
[ref0_seed0] epoch  90/100 loss=nan train_acc=0.1017 val_acc=nan
[ref0_seed0] epoch  91/100 loss=nan train_acc=0.1017 val_acc=nan
[ref0_seed0] epoch  92/100 loss=nan train_acc=0.1017 val_acc=nan
[ref0_seed0] epoch  93/100 loss=nan train_acc=0.1017 val_acc=nan
[ref0_seed0] epoch  94/100 loss=nan train_acc=0.1017 val_acc=nan
[ref0_seed0] epoch  95/100 loss=nan train_acc=0.1017 val_acc=nan
[ref0_seed0] epoch  96/100 loss=nan train_acc=0.1017 val_acc=nan
[ref0_seed0] epoch  97/100 loss=nan train_acc=0.1017 val_acc=nan
[ref0_seed0] epoch  98/100 loss=nan train_acc=0.1017 val_acc=nan
[ref0_seed0] epoch  99/100 loss=nan train_acc=0.1017 val_acc=nan
[ref0_seed0] epoch 100/100 loss=nan train_acc=0.1017 val_acc=nan
[ref1_seed0] epoch   1/100 loss=3.2807 train_acc=0.2334 val_acc=nan
[ref1_seed0] epoch   2/100 loss=2.0151 train_acc=0.2635 val_acc=nan
[ref1_seed0] epoch   3/100 loss=1.9793 train_acc=0.2847 val_acc=nan
[ref1_seed0] epoch   4/100 loss=1.9145 train_acc=0.3031 val_acc=nan
[ref1_seed0] epoch   5/100 loss=1.8506 train_acc=0.2842 val_acc=nan
[ref1_seed0] epoch   6/100 loss=1.7888 train_acc=0.3670 val_acc=nan
[ref1_seed0] epoch   7/100 loss=1.7194 train_acc=0.3923 val_acc=nan
[ref1_seed0] epoch   8/100 loss=1.6823 train_acc=0.4081 val_acc=nan
[ref1_seed0] epoch   9/100 loss=1.6506 train_acc=0.3956 val_acc=nan
[ref1_seed0] epoch  10/100 loss=1.6148 train_acc=0.4176 val_acc=nan
[ref1_seed0] epoch  11/100 loss=1.5816 train_acc=0.4382 val_acc=nan
[ref1_seed0] epoch  12/100 loss=1.5471 train_acc=0.4419 val_acc=nan
[ref1_seed0] epoch  13/100 loss=1.5264 train_acc=0.4649 val_acc=nan
[ref1_seed0] epoch  14/100 loss=1.5183 train_acc=0.4415 val_acc=nan
[ref1_seed0] epoch  15/100 loss=1.4888 train_acc=0.4623 val_acc=nan
[ref1_seed0] epoch  16/100 loss=1.4517 train_acc=0.4403 val_acc=nan
[ref1_seed0] epoch  17/100 loss=1.4483 train_acc=0.4757 val_acc=nan
[ref1_seed0] epoch  18/100 loss=1.4323 train_acc=0.5054 val_acc=nan
[ref1_seed0] epoch  19/100 loss=1.4192 train_acc=0.5034 val_acc=nan
[ref1_seed0] epoch  20/100 loss=1.3935 train_acc=0.4782 val_acc=nan
[ref1_seed0] epoch  21/100 loss=1.4068 train_acc=0.5034 val_acc=nan
[ref1_seed0] epoch  22/100 loss=1.3632 train_acc=0.5052 val_acc=nan
[ref1_seed0] epoch  23/100 loss=1.3460 train_acc=0.5214 val_acc=nan
[ref1_seed0] epoch  24/100 loss=1.3220 train_acc=0.5118 val_acc=nan
[ref1_seed0] epoch  25/100 loss=1.3018 train_acc=0.5296 val_acc=nan
[ref1_seed0] epoch  26/100 loss=1.2976 train_acc=0.5482 val_acc=nan
[ref1_seed0] epoch  27/100 loss=1.2865 train_acc=0.5472 val_acc=nan
[ref1_seed0] epoch  28/100 loss=1.2762 train_acc=0.5510 val_acc=nan
[ref1_seed0] epoch  29/100 loss=1.2485 train_acc=0.5647 val_acc=nan
[ref1_seed0] epoch  30/100 loss=1.2518 train_acc=0.5554 val_acc=nan
[ref1_seed0] epoch  31/100 loss=1.2305 train_acc=0.5840 val_acc=nan
[ref1_seed0] epoch  32/100 loss=1.2248 train_acc=0.5910 val_acc=nan
[ref1_seed0] epoch  33/100 loss=1.2220 train_acc=0.5501 val_acc=nan
[ref1_seed0] epoch  34/100 loss=1.1959 train_acc=0.5626 val_acc=nan
[ref1_seed0] epoch  35/100 loss=1.1822 train_acc=0.5923 val_acc=nan
[ref1_seed0] epoch  36/100 loss=1.1705 train_acc=0.6046 val_acc=nan
[ref1_seed0] epoch  37/100 loss=1.1569 train_acc=0.6105 val_acc=nan
[ref1_seed0] epoch  38/100 loss=1.1523 train_acc=0.6203 val_acc=nan
[ref1_seed0] epoch  39/100 loss=1.1451 train_acc=0.5976 val_acc=nan
[ref1_seed0] epoch  40/100 loss=1.1535 train_acc=0.6018 val_acc=nan
[ref1_seed0] epoch  41/100 loss=1.1313 train_acc=0.5927 val_acc=nan
[ref1_seed0] epoch  42/100 loss=1.0941 train_acc=0.6306 val_acc=nan
[ref1_seed0] epoch  43/100 loss=1.1032 train_acc=0.5972 val_acc=nan
[ref1_seed0] epoch  44/100 loss=1.0725 train_acc=0.6279 val_acc=nan
[ref1_seed0] epoch  45/100 loss=1.0629 train_acc=0.6582 val_acc=nan
[ref1_seed0] epoch  46/100 loss=1.0550 train_acc=0.6600 val_acc=nan
[ref1_seed0] epoch  47/100 loss=1.0521 train_acc=0.6278 val_acc=nan
[ref1_seed0] epoch  48/100 loss=1.0638 train_acc=0.5954 val_acc=nan
[ref1_seed0] epoch  49/100 loss=1.0346 train_acc=0.6154 val_acc=nan
[ref1_seed0] epoch  50/100 loss=1.0365 train_acc=0.6150 val_acc=nan
[ref1_seed0] epoch  51/100 loss=0.8698 train_acc=0.7282 val_acc=nan
[ref1_seed0] epoch  52/100 loss=0.7615 train_acc=0.7479 val_acc=nan
[ref1_seed0] epoch  53/100 loss=0.7295 train_acc=0.7577 val_acc=nan
[ref1_seed0] epoch  54/100 loss=0.7045 train_acc=0.7582 val_acc=nan
[ref1_seed0] epoch  55/100 loss=0.6860 train_acc=0.7671 val_acc=nan
[ref1_seed0] epoch  56/100 loss=0.6691 train_acc=0.7764 val_acc=nan
[ref1_seed0] epoch  57/100 loss=0.6538 train_acc=0.7844 val_acc=nan
[ref1_seed0] epoch  58/100 loss=0.6427 train_acc=0.7913 val_acc=nan
[ref1_seed0] epoch  59/100 loss=0.6251 train_acc=0.7951 val_acc=nan
[ref1_seed0] epoch  60/100 loss=0.6115 train_acc=0.7991 val_acc=nan
[ref1_seed0] epoch  61/100 loss=0.6014 train_acc=0.8032 val_acc=nan
[ref1_seed0] epoch  62/100 loss=0.5901 train_acc=0.8102 val_acc=nan
[ref1_seed0] epoch  63/100 loss=0.5782 train_acc=0.8098 val_acc=nan
[ref1_seed0] epoch  64/100 loss=0.5685 train_acc=0.8152 val_acc=nan
[ref1_seed0] epoch  65/100 loss=0.5579 train_acc=0.8175 val_acc=nan
[ref1_seed0] epoch  66/100 loss=0.5462 train_acc=0.8272 val_acc=nan
[ref1_seed0] epoch  67/100 loss=0.5398 train_acc=0.8289 val_acc=nan
[ref1_seed0] epoch  68/100 loss=0.5217 train_acc=0.8312 val_acc=nan
[ref1_seed0] epoch  69/100 loss=0.5077 train_acc=0.8403 val_acc=nan
[ref1_seed0] epoch  70/100 loss=0.4982 train_acc=0.8400 val_acc=nan
[ref1_seed0] epoch  71/100 loss=0.4863 train_acc=0.8503 val_acc=nan
[ref1_seed0] epoch  72/100 loss=0.4776 train_acc=0.8582 val_acc=nan
[ref1_seed0] epoch  73/100 loss=0.4817 train_acc=0.8558 val_acc=nan
[ref1_seed0] epoch  74/100 loss=0.4554 train_acc=0.8468 val_acc=nan
[ref1_seed0] epoch  75/100 loss=0.4601 train_acc=0.8588 val_acc=nan
[ref1_seed0] epoch  76/100 loss=0.3788 train_acc=0.8871 val_acc=nan
[ref1_seed0] epoch  77/100 loss=0.3611 train_acc=0.8879 val_acc=nan
[ref1_seed0] epoch  78/100 loss=0.3558 train_acc=0.8908 val_acc=nan
[ref1_seed0] epoch  79/100 loss=0.3510 train_acc=0.8932 val_acc=nan
[ref1_seed0] epoch  80/100 loss=0.3476 train_acc=0.8928 val_acc=nan
[ref1_seed0] epoch  81/100 loss=0.3446 train_acc=0.8938 val_acc=nan
[ref1_seed0] epoch  82/100 loss=0.3421 train_acc=0.8946 val_acc=nan
[ref1_seed0] epoch  83/100 loss=0.3387 train_acc=0.8957 val_acc=nan
[ref1_seed0] epoch  84/100 loss=0.3361 train_acc=0.8966 val_acc=nan
[ref1_seed0] epoch  85/100 loss=0.3347 train_acc=0.8990 val_acc=nan
[ref1_seed0] epoch  86/100 loss=0.3315 train_acc=0.9001 val_acc=nan
[ref1_seed0] epoch  87/100 loss=0.3292 train_acc=0.8993 val_acc=nan
[ref1_seed0] epoch  88/100 loss=0.3273 train_acc=0.9018 val_acc=nan
[ref1_seed0] epoch  89/100 loss=0.3252 train_acc=0.9021 val_acc=nan
[ref1_seed0] epoch  90/100 loss=0.3227 train_acc=0.9034 val_acc=nan
[ref1_seed0] epoch  91/100 loss=0.3212 train_acc=0.9042 val_acc=nan
[ref1_seed0] epoch  92/100 loss=0.3193 train_acc=0.9050 val_acc=nan
[ref1_seed0] epoch  93/100 loss=0.3162 train_acc=0.9030 val_acc=nan
[ref1_seed0] epoch  94/100 loss=0.3144 train_acc=0.9061 val_acc=nan
[ref1_seed0] epoch  95/100 loss=0.3121 train_acc=0.9058 val_acc=nan
[ref1_seed0] epoch  96/100 loss=0.3104 train_acc=0.9085 val_acc=nan
[ref1_seed0] epoch  97/100 loss=0.3072 train_acc=0.9086 val_acc=nan
[ref1_seed0] epoch  98/100 loss=0.3056 train_acc=0.9092 val_acc=nan
[ref1_seed0] epoch  99/100 loss=0.3033 train_acc=0.9096 val_acc=nan
[ref1_seed0] epoch 100/100 loss=0.3009 train_acc=0.9110 val_acc=nan
[ref2_seed0] epoch   1/100 loss=2.4165 train_acc=0.3214 val_acc=nan
[ref2_seed0] epoch   2/100 loss=1.8399 train_acc=0.3302 val_acc=nan
[ref2_seed0] epoch   3/100 loss=1.6870 train_acc=0.4080 val_acc=nan
[ref2_seed0] epoch   4/100 loss=1.5840 train_acc=0.4262 val_acc=nan
[ref2_seed0] epoch   5/100 loss=1.4981 train_acc=0.4538 val_acc=nan
[ref2_seed0] epoch   6/100 loss=1.4662 train_acc=0.4839 val_acc=nan
[ref2_seed0] epoch   7/100 loss=1.3990 train_acc=0.4953 val_acc=nan
[ref2_seed0] epoch   8/100 loss=1.3591 train_acc=0.5202 val_acc=nan
[ref2_seed0] epoch   9/100 loss=1.3232 train_acc=0.5240 val_acc=nan
[ref2_seed0] epoch  10/100 loss=1.2597 train_acc=0.5463 val_acc=nan
[ref2_seed0] epoch  11/100 loss=1.2389 train_acc=0.5801 val_acc=nan
[ref2_seed0] epoch  12/100 loss=1.1690 train_acc=0.5922 val_acc=nan

======================================================================
[stage] manifest
======================================================================
building manifest for seed=0
manifest written: /mnt/data/mia_benchmark_4090/repo/benchmark/splits/cifar10/seed0/manifest.json
  pool=25000 population=2500 member_eval=10000 nonmember=10000
building manifest for seed=1
manifest written: /mnt/data/mia_benchmark_4090/repo/benchmark/splits/cifar10/seed1/manifest.json
  pool=25000 population=2500 member_eval=10000 nonmember=10000
building manifest for seed=2
manifest written: /mnt/data/mia_benchmark_4090/repo/benchmark/splits/cifar10/seed2/manifest.json
  pool=25000 population=2500 member_eval=10000 nonmember=10000

======================================================================
[stage] target
======================================================================
[skip] target_seed0 already done
[skip] target_seed1 already done
[skip] target_seed2 already done

======================================================================
[stage] bundles
======================================================================
[shadow_seed0] epoch   1/100 loss=2.6846 train_acc=0.2585 val_acc=nan
[shadow_seed0] epoch   2/100 loss=2.0098 train_acc=0.2548 val_acc=nan
[shadow_seed0] epoch   3/100 loss=1.8921 train_acc=0.3052 val_acc=nan
[shadow_seed0] epoch   4/100 loss=1.7910 train_acc=0.3423 val_acc=nan
[shadow_seed0] epoch   5/100 loss=1.7770 train_acc=0.3546 val_acc=nan
[shadow_seed0] epoch   6/100 loss=1.6516 train_acc=0.4082 val_acc=nan
[shadow_seed0] epoch   7/100 loss=1.5907 train_acc=0.4300 val_acc=nan
[shadow_seed0] epoch   8/100 loss=1.5288 train_acc=0.4416 val_acc=nan
[shadow_seed0] epoch   9/100 loss=1.4813 train_acc=0.4254 val_acc=nan
[shadow_seed0] epoch  10/100 loss=1.4585 train_acc=0.4597 val_acc=nan
[shadow_seed0] epoch  11/100 loss=1.3995 train_acc=0.5304 val_acc=nan
[shadow_seed0] epoch  12/100 loss=1.3848 train_acc=0.5254 val_acc=nan
[shadow_seed0] epoch  13/100 loss=1.3544 train_acc=0.5070 val_acc=nan
[shadow_seed0] epoch  14/100 loss=1.2792 train_acc=0.5343 val_acc=nan
[shadow_seed0] epoch  15/100 loss=1.2489 train_acc=0.5249 val_acc=nan
[shadow_seed0] epoch  16/100 loss=1.2086 train_acc=0.4682 val_acc=nan
[shadow_seed0] epoch  17/100 loss=1.1996 train_acc=0.5716 val_acc=nan
[shadow_seed0] epoch  18/100 loss=1.1806 train_acc=0.5425 val_acc=nan
[shadow_seed0] epoch  19/100 loss=1.1403 train_acc=0.5824 val_acc=nan
[shadow_seed0] epoch  20/100 loss=1.0861 train_acc=0.6124 val_acc=nan
[shadow_seed0] epoch  21/100 loss=1.0355 train_acc=0.6529 val_acc=nan
[shadow_seed0] epoch  22/100 loss=1.0017 train_acc=0.6194 val_acc=nan
[shadow_seed0] epoch  23/100 loss=0.9891 train_acc=0.6293 val_acc=nan
[shadow_seed0] epoch  24/100 loss=0.9897 train_acc=0.6745 val_acc=nan
[shadow_seed0] epoch  25/100 loss=0.9150 train_acc=0.6499 val_acc=nan
[shadow_seed0] epoch  26/100 loss=0.9038 train_acc=0.6605 val_acc=nan
[shadow_seed0] epoch  27/100 loss=0.8390 train_acc=0.6856 val_acc=nan
[shadow_seed0] epoch  28/100 loss=0.8091 train_acc=0.7148 val_acc=nan
[shadow_seed0] epoch  29/100 loss=0.8242 train_acc=0.7086 val_acc=nan
[shadow_seed0] epoch  30/100 loss=0.7920 train_acc=0.6652 val_acc=nan
[shadow_seed0] epoch  31/100 loss=0.7611 train_acc=0.7651 val_acc=nan
[shadow_seed0] epoch  32/100 loss=0.7260 train_acc=0.7677 val_acc=nan
[shadow_seed0] epoch  33/100 loss=0.6693 train_acc=0.7804 val_acc=nan
[shadow_seed0] epoch  34/100 loss=0.6684 train_acc=0.7570 val_acc=nan
[shadow_seed0] epoch  35/100 loss=0.6364 train_acc=0.8393 val_acc=nan
[shadow_seed0] epoch  36/100 loss=0.6049 train_acc=0.7563 val_acc=nan
[shadow_seed0] epoch  37/100 loss=0.5425 train_acc=0.7091 val_acc=nan
[shadow_seed0] epoch  38/100 loss=0.6516 train_acc=0.8091 val_acc=nan
[shadow_seed0] epoch  39/100 loss=0.4977 train_acc=0.8215 val_acc=nan
[shadow_seed0] epoch  40/100 loss=0.5669 train_acc=0.7852 val_acc=nan
[shadow_seed0] epoch  41/100 loss=0.5079 train_acc=0.8161 val_acc=nan
[shadow_seed0] epoch  42/100 loss=0.4811 train_acc=0.8692 val_acc=nan
[shadow_seed0] epoch  43/100 loss=0.4616 train_acc=0.8737 val_acc=nan
[shadow_seed0] epoch  44/100 loss=0.4268 train_acc=0.9057 val_acc=nan
[shadow_seed0] epoch  45/100 loss=0.4128 train_acc=0.9158 val_acc=nan
[shadow_seed0] epoch  46/100 loss=0.3228 train_acc=0.8982 val_acc=nan
[shadow_seed0] epoch  47/100 loss=0.3235 train_acc=0.8810 val_acc=nan
[shadow_seed0] epoch  48/100 loss=0.4320 train_acc=0.8609 val_acc=nan
[shadow_seed0] epoch  49/100 loss=0.2829 train_acc=0.9134 val_acc=nan
[shadow_seed0] epoch  50/100 loss=0.3525 train_acc=0.7610 val_acc=nan
[shadow_seed0] epoch  51/100 loss=0.1463 train_acc=0.9949 val_acc=nan
[shadow_seed0] epoch  52/100 loss=0.0372 train_acc=0.9989 val_acc=nan
[shadow_seed0] epoch  53/100 loss=0.0207 train_acc=0.9995 val_acc=nan
[shadow_seed0] epoch  54/100 loss=0.0136 train_acc=0.9996 val_acc=nan
[shadow_seed0] epoch  55/100 loss=0.0103 train_acc=0.9998 val_acc=nan
[shadow_seed0] epoch  56/100 loss=0.0085 train_acc=0.9998 val_acc=nan
[shadow_seed0] epoch  57/100 loss=0.0072 train_acc=0.9998 val_acc=nan
[shadow_seed0] epoch  58/100 loss=0.0064 train_acc=0.9999 val_acc=nan
[shadow_seed0] epoch  59/100 loss=0.0058 train_acc=1.0000 val_acc=nan
[shadow_seed0] epoch  60/100 loss=0.0055 train_acc=0.9999 val_acc=nan
[shadow_seed0] epoch  61/100 loss=0.0052 train_acc=0.9999 val_acc=nan
[shadow_seed0] epoch  62/100 loss=0.0049 train_acc=1.0000 val_acc=nan
[shadow_seed0] epoch  63/100 loss=0.0047 train_acc=1.0000 val_acc=nan
[shadow_seed0] epoch  64/100 loss=0.0046 train_acc=1.0000 val_acc=nan
[shadow_seed0] epoch  65/100 loss=0.0045 train_acc=1.0000 val_acc=nan
[shadow_seed0] epoch  66/100 loss=0.0044 train_acc=1.0000 val_acc=nan
[shadow_seed0] epoch  67/100 loss=0.0044 train_acc=1.0000 val_acc=nan
[shadow_seed0] epoch  68/100 loss=0.0043 train_acc=1.0000 val_acc=nan
[shadow_seed0] epoch  69/100 loss=0.0043 train_acc=1.0000 val_acc=nan
[shadow_seed0] epoch  70/100 loss=0.0043 train_acc=1.0000 val_acc=nan
[shadow_seed0] epoch  71/100 loss=0.0043 train_acc=1.0000 val_acc=nan
[shadow_seed0] epoch  72/100 loss=0.0042 train_acc=1.0000 val_acc=nan
[shadow_seed0] epoch  73/100 loss=0.0043 train_acc=1.0000 val_acc=nan
[shadow_seed0] epoch  74/100 loss=0.0043 train_acc=1.0000 val_acc=nan
[shadow_seed0] epoch  75/100 loss=0.0043 train_acc=1.0000 val_acc=nan
[shadow_seed0] epoch  76/100 loss=0.0041 train_acc=1.0000 val_acc=nan
[shadow_seed0] epoch  77/100 loss=0.0041 train_acc=1.0000 val_acc=nan
[shadow_seed0] epoch  78/100 loss=0.0041 train_acc=1.0000 val_acc=nan
[shadow_seed0] epoch  79/100 loss=0.0041 train_acc=1.0000 val_acc=nan
[shadow_seed0] epoch  80/100 loss=0.0041 train_acc=1.0000 val_acc=nan
[shadow_seed0] epoch  81/100 loss=0.0041 train_acc=1.0000 val_acc=nan
[shadow_seed0] epoch  82/100 loss=0.0041 train_acc=1.0000 val_acc=nan
[shadow_seed0] epoch  83/100 loss=0.0041 train_acc=1.0000 val_acc=nan
[shadow_seed0] epoch  84/100 loss=0.0041 train_acc=1.0000 val_acc=nan
[shadow_seed0] epoch  85/100 loss=0.0041 train_acc=1.0000 val_acc=nan
[shadow_seed0] epoch  86/100 loss=0.0041 train_acc=1.0000 val_acc=nan
[shadow_seed0] epoch  87/100 loss=0.0041 train_acc=1.0000 val_acc=nan
[shadow_seed0] epoch  88/100 loss=0.0041 train_acc=1.0000 val_acc=nan
[shadow_seed0] epoch  89/100 loss=0.0041 train_acc=1.0000 val_acc=nan
[shadow_seed0] epoch  90/100 loss=0.0041 train_acc=1.0000 val_acc=nan
[shadow_seed0] epoch  91/100 loss=0.0041 train_acc=1.0000 val_acc=nan
[shadow_seed0] epoch  92/100 loss=0.0041 train_acc=1.0000 val_acc=nan
[shadow_seed0] epoch  93/100 loss=0.0042 train_acc=1.0000 val_acc=nan
[shadow_seed0] epoch  94/100 loss=0.0042 train_acc=1.0000 val_acc=nan
[shadow_seed0] epoch  95/100 loss=0.0042 train_acc=1.0000 val_acc=nan
[shadow_seed0] epoch  96/100 loss=0.0042 train_acc=1.0000 val_acc=nan
[shadow_seed0] epoch  97/100 loss=0.0042 train_acc=1.0000 val_acc=nan
[shadow_seed0] epoch  98/100 loss=0.0042 train_acc=1.0000 val_acc=nan
[shadow_seed0] epoch  99/100 loss=0.0042 train_acc=1.0000 val_acc=nan
[shadow_seed0] epoch 100/100 loss=0.0042 train_acc=1.0000 val_acc=nan
[bundle] shadow done in 2.5 min (train acc on members: 1.0000)
[ref0_seed0] epoch   1/100 loss=2.2175 train_acc=0.3211 val_acc=nan
[ref0_seed0] epoch   2/100 loss=2.0720 train_acc=0.2917 val_acc=nan
[ref0_seed0] epoch   3/100 loss=1.8442 train_acc=0.3413 val_acc=nan
[ref0_seed0] epoch   4/100 loss=1.7175 train_acc=0.3709 val_acc=nan
[ref0_seed0] epoch   5/100 loss=1.6317 train_acc=0.4220 val_acc=nan
[ref0_seed0] epoch   6/100 loss=1.5737 train_acc=0.4458 val_acc=nan
[ref0_seed0] epoch   7/100 loss=1.5021 train_acc=0.4495 val_acc=nan
[ref0_seed0] epoch   8/100 loss=1.4529 train_acc=0.5008 val_acc=nan
[ref0_seed0] epoch   9/100 loss=1.3782 train_acc=0.4995 val_acc=nan
[ref0_seed0] epoch  10/100 loss=1.3188 train_acc=0.5369 val_acc=nan
[ref0_seed0] epoch  11/100 loss=1.2545 train_acc=0.5710 val_acc=nan
[ref0_seed0] epoch  12/100 loss=1.2113 train_acc=0.5817 val_acc=nan
[ref0_seed0] epoch  13/100 loss=1.1770 train_acc=0.6057 val_acc=nan
[ref0_seed0] epoch  14/100 loss=1.1210 train_acc=0.6334 val_acc=nan
[ref0_seed0] epoch  15/100 loss=1.0901 train_acc=0.6410 val_acc=nan
[ref0_seed0] epoch  16/100 loss=1.0280 train_acc=0.6552 val_acc=nan
[ref0_seed0] epoch  17/100 loss=1.0092 train_acc=0.6560 val_acc=nan
[ref0_seed0] epoch  18/100 loss=0.9777 train_acc=0.6452 val_acc=nan
[ref0_seed0] epoch  19/100 loss=0.9126 train_acc=0.6919 val_acc=nan
[ref0_seed0] epoch  20/100 loss=0.9084 train_acc=0.6981 val_acc=nan
[ref0_seed0] epoch  21/100 loss=0.8486 train_acc=0.7175 val_acc=nan
[ref0_seed0] epoch  22/100 loss=0.8108 train_acc=0.7433 val_acc=nan
[ref0_seed0] epoch  23/100 loss=0.7846 train_acc=0.7573 val_acc=nan
[ref0_seed0] epoch  24/100 loss=0.7855 train_acc=0.7423 val_acc=nan
[ref0_seed0] epoch  25/100 loss=0.7334 train_acc=0.7958 val_acc=nan
[ref0_seed0] epoch  26/100 loss=0.7059 train_acc=0.7593 val_acc=nan
[ref0_seed0] epoch  27/100 loss=0.6770 train_acc=0.7942 val_acc=nan
[ref0_seed0] epoch  28/100 loss=0.6431 train_acc=0.7944 val_acc=nan
[ref0_seed0] epoch  29/100 loss=0.6060 train_acc=0.8300 val_acc=nan
[ref0_seed0] epoch  30/100 loss=0.5659 train_acc=0.7834 val_acc=nan
[ref0_seed0] epoch  31/100 loss=0.5634 train_acc=0.8373 val_acc=nan
[ref0_seed0] epoch  32/100 loss=0.5170 train_acc=0.8571 val_acc=nan
[ref0_seed0] epoch  33/100 loss=0.5054 train_acc=0.8598 val_acc=nan
[ref0_seed0] epoch  34/100 loss=0.4668 train_acc=0.8927 val_acc=nan
[ref0_seed0] epoch  35/100 loss=0.4606 train_acc=0.8652 val_acc=nan
[ref0_seed0] epoch  36/100 loss=0.4522 train_acc=0.8763 val_acc=nan
[ref0_seed0] epoch  37/100 loss=0.4315 train_acc=0.8854 val_acc=nan
[ref0_seed0] epoch  38/100 loss=0.3690 train_acc=0.8966 val_acc=nan
[ref0_seed0] epoch  39/100 loss=0.4036 train_acc=0.9047 val_acc=nan
[ref0_seed0] epoch  40/100 loss=0.3523 train_acc=0.9164 val_acc=nan
[ref0_seed0] epoch  41/100 loss=0.3140 train_acc=0.9150 val_acc=nan
[ref0_seed0] epoch  42/100 loss=0.3836 train_acc=0.8603 val_acc=nan
[ref0_seed0] epoch  43/100 loss=0.3394 train_acc=0.9132 val_acc=nan
[ref0_seed0] epoch  44/100 loss=0.2773 train_acc=0.9462 val_acc=nan
[ref0_seed0] epoch  45/100 loss=0.3408 train_acc=0.9083 val_acc=nan
[ref0_seed0] epoch  46/100 loss=0.2860 train_acc=0.8950 val_acc=nan
[ref0_seed0] epoch  47/100 loss=0.2761 train_acc=0.9365 val_acc=nan
[ref0_seed0] epoch  48/100 loss=0.2754 train_acc=0.9262 val_acc=nan
[ref0_seed0] epoch  49/100 loss=0.2633 train_acc=0.9098 val_acc=nan
[ref0_seed0] epoch  50/100 loss=0.2350 train_acc=0.9402 val_acc=nan
[ref0_seed0] epoch  51/100 loss=0.0656 train_acc=0.9978 val_acc=nan
[ref0_seed0] epoch  52/100 loss=0.0193 train_acc=0.9999 val_acc=nan
[ref0_seed0] epoch  53/100 loss=0.0107 train_acc=1.0000 val_acc=nan
[ref0_seed0] epoch  54/100 loss=0.0077 train_acc=1.0000 val_acc=nan
[ref0_seed0] epoch  55/100 loss=0.0062 train_acc=1.0000 val_acc=nan
[ref0_seed0] epoch  56/100 loss=0.0054 train_acc=1.0000 val_acc=nan
[ref0_seed0] epoch  57/100 loss=0.0049 train_acc=1.0000 val_acc=nan
[ref0_seed0] epoch  58/100 loss=0.0046 train_acc=1.0000 val_acc=nan
[ref0_seed0] epoch  59/100 loss=0.0044 train_acc=1.0000 val_acc=nan
[ref0_seed0] epoch  60/100 loss=0.0042 train_acc=1.0000 val_acc=nan
[ref0_seed0] epoch  61/100 loss=0.0041 train_acc=1.0000 val_acc=nan
[ref0_seed0] epoch  62/100 loss=0.0041 train_acc=1.0000 val_acc=nan
[ref0_seed0] epoch  63/100 loss=0.0041 train_acc=1.0000 val_acc=nan
[ref0_seed0] epoch  64/100 loss=0.0040 train_acc=1.0000 val_acc=nan
[ref0_seed0] epoch  65/100 loss=0.0040 train_acc=1.0000 val_acc=nan
[ref0_seed0] epoch  66/100 loss=0.0041 train_acc=1.0000 val_acc=nan
[ref0_seed0] epoch  67/100 loss=0.0041 train_acc=1.0000 val_acc=nan
[ref0_seed0] epoch  68/100 loss=0.0041 train_acc=1.0000 val_acc=nan
[ref0_seed0] epoch  69/100 loss=0.0041 train_acc=1.0000 val_acc=nan
[ref0_seed0] epoch  70/100 loss=0.0041 train_acc=1.0000 val_acc=nan
[ref0_seed0] epoch  71/100 loss=0.0041 train_acc=1.0000 val_acc=nan
[ref0_seed0] epoch  72/100 loss=0.0041 train_acc=1.0000 val_acc=nan
[ref0_seed0] epoch  73/100 loss=0.0042 train_acc=1.0000 val_acc=nan
[ref0_seed0] epoch  74/100 loss=0.0042 train_acc=1.0000 val_acc=nan
[ref0_seed0] epoch  75/100 loss=0.0042 train_acc=1.0000 val_acc=nan
[ref0_seed0] epoch  76/100 loss=0.0040 train_acc=1.0000 val_acc=nan
[ref0_seed0] epoch  77/100 loss=0.0040 train_acc=1.0000 val_acc=nan
[ref0_seed0] epoch  78/100 loss=0.0040 train_acc=1.0000 val_acc=nan
[ref0_seed0] epoch  79/100 loss=0.0040 train_acc=1.0000 val_acc=nan
[ref0_seed0] epoch  80/100 loss=0.0041 train_acc=1.0000 val_acc=nan
[ref0_seed0] epoch  81/100 loss=0.0041 train_acc=1.0000 val_acc=nan
[ref0_seed0] epoch  82/100 loss=0.0041 train_acc=1.0000 val_acc=nan
[ref0_seed0] epoch  83/100 loss=0.0041 train_acc=1.0000 val_acc=nan
[ref0_seed0] epoch  84/100 loss=0.0041 train_acc=1.0000 val_acc=nan
[ref0_seed0] epoch  85/100 loss=0.0041 train_acc=1.0000 val_acc=nan
[ref0_seed0] epoch  86/100 loss=0.0041 train_acc=1.0000 val_acc=nan
[ref0_seed0] epoch  87/100 loss=0.0041 train_acc=1.0000 val_acc=nan
[ref0_seed0] epoch  88/100 loss=0.0041 train_acc=1.0000 val_acc=nan
[ref0_seed0] epoch  89/100 loss=0.0041 train_acc=1.0000 val_acc=nan
[ref0_seed0] epoch  90/100 loss=0.0041 train_acc=1.0000 val_acc=nan
[ref0_seed0] epoch  91/100 loss=0.0041 train_acc=1.0000 val_acc=nan
[ref0_seed0] epoch  92/100 loss=0.0041 train_acc=1.0000 val_acc=nan
[ref0_seed0] epoch  93/100 loss=0.0041 train_acc=1.0000 val_acc=nan
[ref0_seed0] epoch  94/100 loss=0.0041 train_acc=1.0000 val_acc=nan
[ref0_seed0] epoch  95/100 loss=0.0041 train_acc=1.0000 val_acc=nan
[ref0_seed0] epoch  96/100 loss=0.0041 train_acc=1.0000 val_acc=nan
[ref0_seed0] epoch  97/100 loss=0.0041 train_acc=1.0000 val_acc=nan
[ref0_seed0] epoch  98/100 loss=0.0041 train_acc=1.0000 val_acc=nan
[ref0_seed0] epoch  99/100 loss=0.0041 train_acc=1.0000 val_acc=nan
[ref0_seed0] epoch 100/100 loss=0.0041 train_acc=1.0000 val_acc=nan
[ref1_seed0] epoch   1/100 loss=3.0383 train_acc=0.2242 val_acc=nan
[ref1_seed0] epoch   2/100 loss=1.9763 train_acc=0.2845 val_acc=nan
[ref1_seed0] epoch   3/100 loss=1.8651 train_acc=0.3314 val_acc=nan
[ref1_seed0] epoch   4/100 loss=1.7735 train_acc=0.3629 val_acc=nan
[ref1_seed0] epoch   5/100 loss=1.6980 train_acc=0.3837 val_acc=nan
[ref1_seed0] epoch   6/100 loss=1.6322 train_acc=0.4184 val_acc=nan
[ref1_seed0] epoch   7/100 loss=1.5766 train_acc=0.4405 val_acc=nan
[ref1_seed0] epoch   8/100 loss=1.5373 train_acc=0.4779 val_acc=nan
[ref1_seed0] epoch   9/100 loss=1.4812 train_acc=0.4578 val_acc=nan
[ref1_seed0] epoch  10/100 loss=1.4563 train_acc=0.4611 val_acc=nan
[ref1_seed0] epoch  11/100 loss=1.4254 train_acc=0.5212 val_acc=nan
[ref1_seed0] epoch  12/100 loss=1.3799 train_acc=0.5129 val_acc=nan
[ref1_seed0] epoch  13/100 loss=1.3636 train_acc=0.4934 val_acc=nan
[ref1_seed0] epoch  14/100 loss=1.3435 train_acc=0.5295 val_acc=nan
[ref1_seed0] epoch  15/100 loss=1.3215 train_acc=0.5320 val_acc=nan
[ref1_seed0] epoch  16/100 loss=1.2826 train_acc=0.4928 val_acc=nan
[ref1_seed0] epoch  17/100 loss=1.2805 train_acc=0.5255 val_acc=nan
[ref1_seed0] epoch  18/100 loss=1.2364 train_acc=0.5499 val_acc=nan
[ref1_seed0] epoch  19/100 loss=1.2358 train_acc=0.5710 val_acc=nan
[ref1_seed0] epoch  20/100 loss=1.1769 train_acc=0.5475 val_acc=nan
[ref1_seed0] epoch  21/100 loss=1.1587 train_acc=0.5669 val_acc=nan
[ref1_seed0] epoch  22/100 loss=1.1291 train_acc=0.6146 val_acc=nan
[ref1_seed0] epoch  23/100 loss=1.0863 train_acc=0.6158 val_acc=nan
[ref1_seed0] epoch  24/100 loss=1.0524 train_acc=0.6331 val_acc=nan
[ref1_seed0] epoch  25/100 loss=1.0472 train_acc=0.6692 val_acc=nan
[ref1_seed0] epoch  26/100 loss=1.0136 train_acc=0.6661 val_acc=nan
[ref1_seed0] epoch  27/100 loss=0.9827 train_acc=0.6763 val_acc=nan
[ref1_seed0] epoch  28/100 loss=0.9510 train_acc=0.6949 val_acc=nan
[ref1_seed0] epoch  29/100 loss=0.9056 train_acc=0.7127 val_acc=nan
[ref1_seed0] epoch  30/100 loss=0.8870 train_acc=0.7122 val_acc=nan
[ref1_seed0] epoch  31/100 loss=0.8494 train_acc=0.7334 val_acc=nan
[ref1_seed0] epoch  32/100 loss=0.8625 train_acc=0.6919 val_acc=nan
[ref1_seed0] epoch  33/100 loss=0.8242 train_acc=0.7607 val_acc=nan
[ref1_seed0] epoch  34/100 loss=0.7546 train_acc=0.7468 val_acc=nan
[ref1_seed0] epoch  35/100 loss=0.7619 train_acc=0.7691 val_acc=nan
[ref1_seed0] epoch  36/100 loss=0.7227 train_acc=0.7982 val_acc=nan
[ref1_seed0] epoch  37/100 loss=0.6759 train_acc=0.7914 val_acc=nan
[ref1_seed0] epoch  38/100 loss=0.6896 train_acc=0.7536 val_acc=nan
[ref1_seed0] epoch  39/100 loss=0.6525 train_acc=0.7536 val_acc=nan
[ref1_seed0] epoch  40/100 loss=0.6255 train_acc=0.7710 val_acc=nan
[ref1_seed0] epoch  41/100 loss=0.6037 train_acc=0.7848 val_acc=nan
[ref1_seed0] epoch  42/100 loss=0.5735 train_acc=0.8413 val_acc=nan
[ref1_seed0] epoch  43/100 loss=0.5305 train_acc=0.8134 val_acc=nan
[ref1_seed0] epoch  44/100 loss=0.5709 train_acc=0.8436 val_acc=nan
[ref1_seed0] epoch  45/100 loss=0.4862 train_acc=0.8810 val_acc=nan
[ref1_seed0] epoch  46/100 loss=0.5002 train_acc=0.8618 val_acc=nan
[ref1_seed0] epoch  47/100 loss=0.4815 train_acc=0.8642 val_acc=nan
[ref1_seed0] epoch  48/100 loss=0.4713 train_acc=0.8349 val_acc=nan
[ref1_seed0] epoch  49/100 loss=0.4213 train_acc=0.8476 val_acc=nan
[ref1_seed0] epoch  50/100 loss=0.4258 train_acc=0.8890 val_acc=nan
[ref1_seed0] epoch  51/100 loss=0.1500 train_acc=0.9871 val_acc=nan
[ref1_seed0] epoch  52/100 loss=0.0582 train_acc=0.9948 val_acc=nan
[ref1_seed0] epoch  53/100 loss=0.0333 train_acc=0.9979 val_acc=nan
[ref1_seed0] epoch  54/100 loss=0.0217 train_acc=0.9989 val_acc=nan
[ref1_seed0] epoch  55/100 loss=0.0155 train_acc=0.9994 val_acc=nan
[ref1_seed0] epoch  56/100 loss=0.0119 train_acc=0.9998 val_acc=nan
[ref1_seed0] epoch  57/100 loss=0.0096 train_acc=0.9998 val_acc=nan
[ref1_seed0] epoch  58/100 loss=0.0082 train_acc=0.9999 val_acc=nan
[ref1_seed0] epoch  59/100 loss=0.0072 train_acc=1.0000 val_acc=nan
[ref1_seed0] epoch  60/100 loss=0.0067 train_acc=1.0000 val_acc=nan
[ref1_seed0] epoch  61/100 loss=0.0061 train_acc=1.0000 val_acc=nan
[ref1_seed0] epoch  62/100 loss=0.0058 train_acc=1.0000 val_acc=nan
[ref1_seed0] epoch  63/100 loss=0.0056 train_acc=1.0000 val_acc=nan
[ref1_seed0] epoch  64/100 loss=0.0054 train_acc=1.0000 val_acc=nan
[ref1_seed0] epoch  65/100 loss=0.0052 train_acc=1.0000 val_acc=nan
[ref1_seed0] epoch  66/100 loss=0.0052 train_acc=1.0000 val_acc=nan
[ref1_seed0] epoch  67/100 loss=0.0051 train_acc=1.0000 val_acc=nan
[ref1_seed0] epoch  68/100 loss=0.0050 train_acc=1.0000 val_acc=nan
[ref1_seed0] epoch  69/100 loss=0.0050 train_acc=1.0000 val_acc=nan
[ref1_seed0] epoch  70/100 loss=0.0049 train_acc=1.0000 val_acc=nan
[ref1_seed0] epoch  71/100 loss=0.0049 train_acc=1.0000 val_acc=nan
[ref1_seed0] epoch  72/100 loss=0.0049 train_acc=1.0000 val_acc=nan
[ref1_seed0] epoch  73/100 loss=0.0049 train_acc=1.0000 val_acc=nan
[ref1_seed0] epoch  74/100 loss=0.0049 train_acc=1.0000 val_acc=nan
[ref1_seed0] epoch  75/100 loss=0.0049 train_acc=1.0000 val_acc=nan
[ref1_seed0] epoch  76/100 loss=0.0046 train_acc=1.0000 val_acc=nan
[ref1_seed0] epoch  77/100 loss=0.0046 train_acc=1.0000 val_acc=nan
[ref1_seed0] epoch  78/100 loss=0.0046 train_acc=1.0000 val_acc=nan
[ref1_seed0] epoch  79/100 loss=0.0046 train_acc=1.0000 val_acc=nan
[ref1_seed0] epoch  80/100 loss=0.0046 train_acc=1.0000 val_acc=nan
[ref1_seed0] epoch  81/100 loss=0.0046 train_acc=1.0000 val_acc=nan
[ref1_seed0] epoch  82/100 loss=0.0046 train_acc=1.0000 val_acc=nan
[ref1_seed0] epoch  83/100 loss=0.0046 train_acc=1.0000 val_acc=nan
[ref1_seed0] epoch  84/100 loss=0.0046 train_acc=1.0000 val_acc=nan
[ref1_seed0] epoch  85/100 loss=0.0046 train_acc=1.0000 val_acc=nan
[ref1_seed0] epoch  86/100 loss=0.0046 train_acc=1.0000 val_acc=nan
[ref1_seed0] epoch  87/100 loss=0.0046 train_acc=1.0000 val_acc=nan
[ref1_seed0] epoch  88/100 loss=0.0046 train_acc=1.0000 val_acc=nan
[ref1_seed0] epoch  89/100 loss=0.0046 train_acc=1.0000 val_acc=nan
[ref1_seed0] epoch  90/100 loss=0.0046 train_acc=1.0000 val_acc=nan
[ref1_seed0] epoch  91/100 loss=0.0046 train_acc=1.0000 val_acc=nan
[ref1_seed0] epoch  92/100 loss=0.0046 train_acc=1.0000 val_acc=nan
[ref1_seed0] epoch  93/100 loss=0.0046 train_acc=1.0000 val_acc=nan
[ref1_seed0] epoch  94/100 loss=0.0047 train_acc=1.0000 val_acc=nan
[ref1_seed0] epoch  95/100 loss=0.0047 train_acc=1.0000 val_acc=nan
[ref1_seed0] epoch  96/100 loss=0.0047 train_acc=1.0000 val_acc=nan
[ref1_seed0] epoch  97/100 loss=0.0047 train_acc=1.0000 val_acc=nan
[ref1_seed0] epoch  98/100 loss=0.0047 train_acc=1.0000 val_acc=nan
[ref1_seed0] epoch  99/100 loss=0.0047 train_acc=1.0000 val_acc=nan
[ref1_seed0] epoch 100/100 loss=0.0047 train_acc=1.0000 val_acc=nan
[ref2_seed0] epoch   1/100 loss=2.3689 train_acc=0.3238 val_acc=nan
[ref2_seed0] epoch   2/100 loss=1.8198 train_acc=0.3372 val_acc=nan
[ref2_seed0] epoch   3/100 loss=1.6507 train_acc=0.4231 val_acc=nan
[ref2_seed0] epoch   4/100 loss=1.5391 train_acc=0.4636 val_acc=nan
[ref2_seed0] epoch   5/100 loss=1.4625 train_acc=0.4783 val_acc=nan
[ref2_seed0] epoch   6/100 loss=1.4267 train_acc=0.4934 val_acc=nan
[ref2_seed0] epoch   7/100 loss=1.3546 train_acc=0.5143 val_acc=nan
[ref2_seed0] epoch   8/100 loss=1.2929 train_acc=0.5596 val_acc=nan
[ref2_seed0] epoch   9/100 loss=1.2444 train_acc=0.5740 val_acc=nan
[ref2_seed0] epoch  10/100 loss=1.1977 train_acc=0.5842 val_acc=nan
[ref2_seed0] epoch  11/100 loss=1.1488 train_acc=0.6117 val_acc=nan
[ref2_seed0] epoch  12/100 loss=1.1024 train_acc=0.6112 val_acc=nan
[ref2_seed0] epoch  13/100 loss=1.0809 train_acc=0.6411 val_acc=nan
[ref2_seed0] epoch  14/100 loss=1.0100 train_acc=0.6200 val_acc=nan
[ref2_seed0] epoch  15/100 loss=0.9641 train_acc=0.6876 val_acc=nan
[ref2_seed0] epoch  16/100 loss=0.9340 train_acc=0.6737 val_acc=nan
[ref2_seed0] epoch  17/100 loss=0.8767 train_acc=0.7306 val_acc=nan
[ref2_seed0] epoch  18/100 loss=0.8082 train_acc=0.7482 val_acc=nan
[ref2_seed0] epoch  19/100 loss=0.7904 train_acc=0.7681 val_acc=nan
[ref2_seed0] epoch  20/100 loss=0.7551 train_acc=0.7498 val_acc=nan
[ref2_seed0] epoch  21/100 loss=0.7206 train_acc=0.8116 val_acc=nan
[ref2_seed0] epoch  22/100 loss=0.6763 train_acc=0.7970 val_acc=nan
[ref2_seed0] epoch  23/100 loss=0.6077 train_acc=0.7686 val_acc=nan
[ref2_seed0] epoch  24/100 loss=0.6149 train_acc=0.7457 val_acc=nan
[ref2_seed0] epoch  25/100 loss=0.6122 train_acc=0.8402 val_acc=nan
[ref2_seed0] epoch  26/100 loss=0.5306 train_acc=0.8618 val_acc=nan
[ref2_seed0] epoch  27/100 loss=0.4865 train_acc=0.8988 val_acc=nan
[ref2_seed0] epoch  28/100 loss=0.4614 train_acc=0.8190 val_acc=nan
[ref2_seed0] epoch  29/100 loss=0.4754 train_acc=0.8762 val_acc=nan
[ref2_seed0] epoch  30/100 loss=0.3856 train_acc=0.8553 val_acc=nan
[ref2_seed0] epoch  31/100 loss=0.3995 train_acc=0.9010 val_acc=nan
[ref2_seed0] epoch  32/100 loss=0.3686 train_acc=0.8990 val_acc=nan
[ref2_seed0] epoch  33/100 loss=0.3823 train_acc=0.9125 val_acc=nan
[ref2_seed0] epoch  34/100 loss=0.2975 train_acc=0.9255 val_acc=nan
[ref2_seed0] epoch  35/100 loss=0.3093 train_acc=0.9425 val_acc=nan
[ref2_seed0] epoch  36/100 loss=0.2970 train_acc=0.8786 val_acc=nan
[ref2_seed0] epoch  37/100 loss=0.2566 train_acc=0.9421 val_acc=nan
[ref2_seed0] epoch  38/100 loss=0.2610 train_acc=0.9166 val_acc=nan
[ref2_seed0] epoch  39/100 loss=0.2874 train_acc=0.9256 val_acc=nan
[ref2_seed0] epoch  40/100 loss=0.2690 train_acc=0.9186 val_acc=nan
[ref2_seed0] epoch  41/100 loss=0.3042 train_acc=0.9148 val_acc=nan
[ref2_seed0] epoch  42/100 loss=0.2517 train_acc=0.9406 val_acc=nan
[ref2_seed0] epoch  43/100 loss=0.2557 train_acc=0.9389 val_acc=nan
[ref2_seed0] epoch  44/100 loss=0.2306 train_acc=0.9536 val_acc=nan
[ref2_seed0] epoch  45/100 loss=0.2126 train_acc=0.9507 val_acc=nan
[ref2_seed0] epoch  46/100 loss=0.1795 train_acc=0.9590 val_acc=nan
[ref2_seed0] epoch  47/100 loss=0.2027 train_acc=0.9334 val_acc=nan
[ref2_seed0] epoch  48/100 loss=0.2173 train_acc=0.9578 val_acc=nan
[ref2_seed0] epoch  49/100 loss=0.2029 train_acc=0.9576 val_acc=nan
[ref2_seed0] epoch  50/100 loss=0.1871 train_acc=0.9590 val_acc=nan
[ref2_seed0] epoch  51/100 loss=0.0452 train_acc=0.9990 val_acc=nan
[ref2_seed0] epoch  52/100 loss=0.0120 train_acc=0.9999 val_acc=nan
[ref2_seed0] epoch  53/100 loss=0.0076 train_acc=1.0000 val_acc=nan
[ref2_seed0] epoch  54/100 loss=0.0059 train_acc=1.0000 val_acc=nan
[ref2_seed0] epoch  55/100 loss=0.0051 train_acc=1.0000 val_acc=nan
[ref2_seed0] epoch  56/100 loss=0.0046 train_acc=1.0000 val_acc=nan
[ref2_seed0] epoch  57/100 loss=0.0043 train_acc=1.0000 val_acc=nan
[ref2_seed0] epoch  58/100 loss=0.0041 train_acc=1.0000 val_acc=nan
[ref2_seed0] epoch  59/100 loss=0.0040 train_acc=1.0000 val_acc=nan
[ref2_seed0] epoch  60/100 loss=0.0040 train_acc=1.0000 val_acc=nan
[ref2_seed0] epoch  61/100 loss=0.0039 train_acc=1.0000 val_acc=nan
[ref2_seed0] epoch  62/100 loss=0.0039 train_acc=1.0000 val_acc=nan
[ref2_seed0] epoch  63/100 loss=0.0039 train_acc=1.0000 val_acc=nan
[ref2_seed0] epoch  64/100 loss=0.0039 train_acc=1.0000 val_acc=nan
[ref2_seed0] epoch  65/100 loss=0.0039 train_acc=1.0000 val_acc=nan
[ref2_seed0] epoch  66/100 loss=0.0040 train_acc=1.0000 val_acc=nan
[ref2_seed0] epoch  67/100 loss=0.0040 train_acc=1.0000 val_acc=nan
[ref2_seed0] epoch  68/100 loss=0.0040 train_acc=1.0000 val_acc=nan
[ref2_seed0] epoch  69/100 loss=0.0041 train_acc=1.0000 val_acc=nan
[ref2_seed0] epoch  70/100 loss=0.0041 train_acc=1.0000 val_acc=nan
[ref2_seed0] epoch  71/100 loss=0.0042 train_acc=1.0000 val_acc=nan
[ref2_seed0] epoch  72/100 loss=0.0042 train_acc=1.0000 val_acc=nan
[ref2_seed0] epoch  73/100 loss=0.0042 train_acc=1.0000 val_acc=nan
[ref2_seed0] epoch  74/100 loss=0.0043 train_acc=1.0000 val_acc=nan
[ref2_seed0] epoch  75/100 loss=0.0043 train_acc=1.0000 val_acc=nan
[ref2_seed0] epoch  76/100 loss=0.0042 train_acc=1.0000 val_acc=nan
[ref2_seed0] epoch  77/100 loss=0.0042 train_acc=1.0000 val_acc=nan
[ref2_seed0] epoch  78/100 loss=0.0042 train_acc=1.0000 val_acc=nan
[ref2_seed0] epoch  79/100 loss=0.0042 train_acc=1.0000 val_acc=nan
[ref2_seed0] epoch  80/100 loss=0.0042 train_acc=1.0000 val_acc=nan
[ref2_seed0] epoch  81/100 loss=0.0042 train_acc=1.0000 val_acc=nan
[ref2_seed0] epoch  82/100 loss=0.0042 train_acc=1.0000 val_acc=nan
[ref2_seed0] epoch  83/100 loss=0.0042 train_acc=1.0000 val_acc=nan
[ref2_seed0] epoch  84/100 loss=0.0042 train_acc=1.0000 val_acc=nan
[ref2_seed0] epoch  85/100 loss=0.0042 train_acc=1.0000 val_acc=nan
[ref2_seed0] epoch  86/100 loss=0.0042 train_acc=1.0000 val_acc=nan
[ref2_seed0] epoch  87/100 loss=0.0042 train_acc=1.0000 val_acc=nan
[ref2_seed0] epoch  88/100 loss=0.0042 train_acc=1.0000 val_acc=nan
[ref2_seed0] epoch  89/100 loss=0.0042 train_acc=1.0000 val_acc=nan
[ref2_seed0] epoch  90/100 loss=0.0043 train_acc=1.0000 val_acc=nan
[ref2_seed0] epoch  91/100 loss=0.0043 train_acc=1.0000 val_acc=nan
[ref2_seed0] epoch  92/100 loss=0.0043 train_acc=1.0000 val_acc=nan
[ref2_seed0] epoch  93/100 loss=0.0043 train_acc=1.0000 val_acc=nan
[ref2_seed0] epoch  94/100 loss=0.0043 train_acc=1.0000 val_acc=nan
[ref2_seed0] epoch  95/100 loss=0.0043 train_acc=1.0000 val_acc=nan
[ref2_seed0] epoch  96/100 loss=0.0043 train_acc=1.0000 val_acc=nan
[ref2_seed0] epoch  97/100 loss=0.0043 train_acc=1.0000 val_acc=nan
[ref2_seed0] epoch  98/100 loss=0.0043 train_acc=1.0000 val_acc=nan
[ref2_seed0] epoch  99/100 loss=0.0043 train_acc=1.0000 val_acc=nan
[ref2_seed0] epoch 100/100 loss=0.0043 train_acc=1.0000 val_acc=nan
[ref3_seed0] epoch   1/100 loss=2.2660 train_acc=0.2836 val_acc=nan
[ref3_seed0] epoch   2/100 loss=1.9335 train_acc=0.3184 val_acc=nan
[ref3_seed0] epoch   3/100 loss=1.7343 train_acc=0.3905 val_acc=nan
[ref3_seed0] epoch   4/100 loss=1.6350 train_acc=0.4111 val_acc=nan
[ref3_seed0] epoch   5/100 loss=1.5517 train_acc=0.4474 val_acc=nan
[ref3_seed0] epoch   6/100 loss=1.4901 train_acc=0.4707 val_acc=nan
[ref3_seed0] epoch   7/100 loss=1.4282 train_acc=0.5083 val_acc=nan
[ref3_seed0] epoch   8/100 loss=1.3898 train_acc=0.5018 val_acc=nan
[ref3_seed0] epoch   9/100 loss=1.3282 train_acc=0.5550 val_acc=nan
[ref3_seed0] epoch  10/100 loss=1.2670 train_acc=0.5608 val_acc=nan
[ref3_seed0] epoch  11/100 loss=1.2336 train_acc=0.5846 val_acc=nan
[ref3_seed0] epoch  12/100 loss=1.1939 train_acc=0.6020 val_acc=nan
[ref3_seed0] epoch  13/100 loss=1.1421 train_acc=0.5942 val_acc=nan
[ref3_seed0] epoch  14/100 loss=1.0867 train_acc=0.6429 val_acc=nan
[ref3_seed0] epoch  15/100 loss=1.0419 train_acc=0.6245 val_acc=nan
[ref3_seed0] epoch  16/100 loss=1.0185 train_acc=0.6382 val_acc=nan
[ref3_seed0] epoch  17/100 loss=0.9692 train_acc=0.6786 val_acc=nan
[ref3_seed0] epoch  18/100 loss=0.9388 train_acc=0.6966 val_acc=nan
[ref3_seed0] epoch  19/100 loss=0.8359 train_acc=0.7230 val_acc=nan
[ref3_seed0] epoch  20/100 loss=0.8194 train_acc=0.7465 val_acc=nan
[ref3_seed0] epoch  21/100 loss=0.7962 train_acc=0.7394 val_acc=nan
[ref3_seed0] epoch  22/100 loss=0.7428 train_acc=0.7885 val_acc=nan
[ref3_seed0] epoch  23/100 loss=0.6785 train_acc=0.8187 val_acc=nan
[ref3_seed0] epoch  24/100 loss=0.6884 train_acc=0.8026 val_acc=nan
[ref3_seed0] epoch  25/100 loss=0.6026 train_acc=0.8125 val_acc=nan
[ref3_seed0] epoch  26/100 loss=0.5693 train_acc=0.8187 val_acc=nan
[ref3_seed0] epoch  27/100 loss=0.5348 train_acc=0.8524 val_acc=nan
[ref3_seed0] epoch  28/100 loss=0.5282 train_acc=0.8293 val_acc=nan
[ref3_seed0] epoch  29/100 loss=0.4736 train_acc=0.8733 val_acc=nan
[ref3_seed0] epoch  30/100 loss=0.4190 train_acc=0.8586 val_acc=nan
[ref3_seed0] epoch  31/100 loss=0.4030 train_acc=0.8980 val_acc=nan
[ref3_seed0] epoch  32/100 loss=0.3902 train_acc=0.8994 val_acc=nan
[ref3_seed0] epoch  33/100 loss=0.3954 train_acc=0.8012 val_acc=nan
[ref3_seed0] epoch  34/100 loss=0.3512 train_acc=0.9015 val_acc=nan
[ref3_seed0] epoch  35/100 loss=0.2940 train_acc=0.8740 val_acc=nan
[ref3_seed0] epoch  36/100 loss=0.3453 train_acc=0.8773 val_acc=nan
[ref3_seed0] epoch  37/100 loss=0.2701 train_acc=0.9322 val_acc=nan
[ref3_seed0] epoch  38/100 loss=0.2654 train_acc=0.8694 val_acc=nan
[ref3_seed0] epoch  39/100 loss=0.2844 train_acc=0.9161 val_acc=nan
[ref3_seed0] epoch  40/100 loss=0.2748 train_acc=0.9369 val_acc=nan
[ref3_seed0] epoch  41/100 loss=0.2461 train_acc=0.9326 val_acc=nan
[ref3_seed0] epoch  42/100 loss=0.2237 train_acc=0.9410 val_acc=nan
[ref3_seed0] epoch  43/100 loss=0.2331 train_acc=0.9346 val_acc=nan
[ref3_seed0] epoch  44/100 loss=0.2585 train_acc=0.8996 val_acc=nan
[ref3_seed0] epoch  45/100 loss=0.2382 train_acc=0.9283 val_acc=nan
[ref3_seed0] epoch  46/100 loss=0.2606 train_acc=0.9270 val_acc=nan
[ref3_seed0] epoch  47/100 loss=0.2270 train_acc=0.9398 val_acc=nan
[ref3_seed0] epoch  48/100 loss=0.1967 train_acc=0.8975 val_acc=nan
[ref3_seed0] epoch  49/100 loss=0.2048 train_acc=0.9525 val_acc=nan
[ref3_seed0] epoch  50/100 loss=0.2045 train_acc=0.9240 val_acc=nan
[ref3_seed0] epoch  51/100 loss=0.0705 train_acc=0.9986 val_acc=nan
[ref3_seed0] epoch  52/100 loss=0.0163 train_acc=0.9999 val_acc=nan
[ref3_seed0] epoch  53/100 loss=0.0093 train_acc=0.9999 val_acc=nan
[ref3_seed0] epoch  54/100 loss=0.0068 train_acc=1.0000 val_acc=nan
[ref3_seed0] epoch  55/100 loss=0.0056 train_acc=1.0000 val_acc=nan
[ref3_seed0] epoch  56/100 loss=0.0049 train_acc=1.0000 val_acc=nan
[ref3_seed0] epoch  57/100 loss=0.0045 train_acc=1.0000 val_acc=nan
[ref3_seed0] epoch  58/100 loss=0.0043 train_acc=1.0000 val_acc=nan
[ref3_seed0] epoch  59/100 loss=0.0041 train_acc=1.0000 val_acc=nan
[ref3_seed0] epoch  60/100 loss=0.0040 train_acc=1.0000 val_acc=nan
[ref3_seed0] epoch  61/100 loss=0.0040 train_acc=1.0000 val_acc=nan
[ref3_seed0] epoch  62/100 loss=0.0039 train_acc=1.0000 val_acc=nan
[ref3_seed0] epoch  63/100 loss=0.0039 train_acc=1.0000 val_acc=nan
[ref3_seed0] epoch  64/100 loss=0.0039 train_acc=1.0000 val_acc=nan
[ref3_seed0] epoch  65/100 loss=0.0039 train_acc=1.0000 val_acc=nan
[ref3_seed0] epoch  66/100 loss=0.0039 train_acc=1.0000 val_acc=nan
[ref3_seed0] epoch  67/100 loss=0.0039 train_acc=1.0000 val_acc=nan
[ref3_seed0] epoch  68/100 loss=0.0039 train_acc=1.0000 val_acc=nan
[ref3_seed0] epoch  69/100 loss=0.0040 train_acc=1.0000 val_acc=nan
[ref3_seed0] epoch  70/100 loss=0.0040 train_acc=1.0000 val_acc=nan
[ref3_seed0] epoch  71/100 loss=0.0040 train_acc=1.0000 val_acc=nan
[ref3_seed0] epoch  72/100 loss=0.0040 train_acc=1.0000 val_acc=nan
[ref3_seed0] epoch  73/100 loss=0.0041 train_acc=1.0000 val_acc=nan
[ref3_seed0] epoch  74/100 loss=0.0041 train_acc=1.0000 val_acc=nan
[ref3_seed0] epoch  75/100 loss=0.0041 train_acc=1.0000 val_acc=nan
[ref3_seed0] epoch  76/100 loss=0.0040 train_acc=1.0000 val_acc=nan
[ref3_seed0] epoch  77/100 loss=0.0040 train_acc=1.0000 val_acc=nan
[ref3_seed0] epoch  78/100 loss=0.0040 train_acc=1.0000 val_acc=nan
[ref3_seed0] epoch  79/100 loss=0.0040 train_acc=1.0000 val_acc=nan
[ref3_seed0] epoch  80/100 loss=0.0040 train_acc=1.0000 val_acc=nan
[ref3_seed0] epoch  81/100 loss=0.0040 train_acc=1.0000 val_acc=nan
[ref3_seed0] epoch  82/100 loss=0.0040 train_acc=1.0000 val_acc=nan
[ref3_seed0] epoch  83/100 loss=0.0040 train_acc=1.0000 val_acc=nan
[ref3_seed0] epoch  84/100 loss=0.0040 train_acc=1.0000 val_acc=nan
[ref3_seed0] epoch  85/100 loss=0.0040 train_acc=1.0000 val_acc=nan
[ref3_seed0] epoch  86/100 loss=0.0040 train_acc=1.0000 val_acc=nan
[ref3_seed0] epoch  87/100 loss=0.0040 train_acc=1.0000 val_acc=nan
[ref3_seed0] epoch  88/100 loss=0.0040 train_acc=1.0000 val_acc=nan
[ref3_seed0] epoch  89/100 loss=0.0040 train_acc=1.0000 val_acc=nan
[ref3_seed0] epoch  90/100 loss=0.0040 train_acc=1.0000 val_acc=nan
[ref3_seed0] epoch  91/100 loss=0.0040 train_acc=1.0000 val_acc=nan
[ref3_seed0] epoch  92/100 loss=0.0040 train_acc=1.0000 val_acc=nan
[ref3_seed0] epoch  93/100 loss=0.0040 train_acc=1.0000 val_acc=nan
[ref3_seed0] epoch  94/100 loss=0.0040 train_acc=1.0000 val_acc=nan
[ref3_seed0] epoch  95/100 loss=0.0041 train_acc=1.0000 val_acc=nan
[ref3_seed0] epoch  96/100 loss=0.0041 train_acc=1.0000 val_acc=nan
[ref3_seed0] epoch  97/100 loss=0.0041 train_acc=1.0000 val_acc=nan
[ref3_seed0] epoch  98/100 loss=0.0041 train_acc=1.0000 val_acc=nan
[ref3_seed0] epoch  99/100 loss=0.0041 train_acc=1.0000 val_acc=nan
[ref3_seed0] epoch 100/100 loss=0.0041 train_acc=1.0000 val_acc=nan
[done] bundles for seed 0 at /mnt/data/mia_benchmark_4090/repo/benchmark/bundles/cifar10/seed0
[shadow_seed1] epoch   1/100 loss=2.6040 train_acc=0.1963 val_acc=nan
[shadow_seed1] epoch   2/100 loss=2.0931 train_acc=0.2421 val_acc=nan
[shadow_seed1] epoch   3/100 loss=1.9019 train_acc=0.3199 val_acc=nan
[shadow_seed1] epoch   4/100 loss=1.7862 train_acc=0.3516 val_acc=nan
[shadow_seed1] epoch   5/100 loss=1.7371 train_acc=0.3563 val_acc=nan
[shadow_seed1] epoch   6/100 loss=1.6461 train_acc=0.3991 val_acc=nan
[shadow_seed1] epoch   7/100 loss=1.5906 train_acc=0.4248 val_acc=nan
[shadow_seed1] epoch   8/100 loss=1.5566 train_acc=0.4497 val_acc=nan
[shadow_seed1] epoch   9/100 loss=1.5297 train_acc=0.4424 val_acc=nan
[shadow_seed1] epoch  10/100 loss=1.4703 train_acc=0.4456 val_acc=nan
[shadow_seed1] epoch  11/100 loss=1.4279 train_acc=0.5166 val_acc=nan
[shadow_seed1] epoch  12/100 loss=1.3792 train_acc=0.5181 val_acc=nan
[shadow_seed1] epoch  13/100 loss=1.3740 train_acc=0.4795 val_acc=nan
[shadow_seed1] epoch  14/100 loss=1.3387 train_acc=0.5512 val_acc=nan
[shadow_seed1] epoch  15/100 loss=1.2794 train_acc=0.5411 val_acc=nan
[shadow_seed1] epoch  16/100 loss=1.2496 train_acc=0.5623 val_acc=nan
[shadow_seed1] epoch  17/100 loss=1.2251 train_acc=0.5625 val_acc=nan
[shadow_seed1] epoch  18/100 loss=1.1855 train_acc=0.5788 val_acc=nan
[shadow_seed1] epoch  19/100 loss=1.1560 train_acc=0.5003 val_acc=nan
[shadow_seed1] epoch  20/100 loss=1.1605 train_acc=0.5951 val_acc=nan
[shadow_seed1] epoch  21/100 loss=1.0995 train_acc=0.5851 val_acc=nan
[shadow_seed1] epoch  22/100 loss=1.0359 train_acc=0.6681 val_acc=nan
[shadow_seed1] epoch  23/100 loss=1.0375 train_acc=0.6622 val_acc=nan
[shadow_seed1] epoch  24/100 loss=0.9846 train_acc=0.6571 val_acc=nan
[shadow_seed1] epoch  25/100 loss=1.0003 train_acc=0.6545 val_acc=nan
[shadow_seed1] epoch  26/100 loss=0.9377 train_acc=0.6951 val_acc=nan
[shadow_seed1] epoch  27/100 loss=0.8971 train_acc=0.7189 val_acc=nan
[shadow_seed1] epoch  28/100 loss=0.8640 train_acc=0.6926 val_acc=nan
[shadow_seed1] epoch  29/100 loss=0.7854 train_acc=0.7137 val_acc=nan
[shadow_seed1] epoch  30/100 loss=0.7807 train_acc=0.6979 val_acc=nan
[shadow_seed1] epoch  31/100 loss=0.7684 train_acc=0.7074 val_acc=nan
[shadow_seed1] epoch  32/100 loss=0.6894 train_acc=0.7401 val_acc=nan
[shadow_seed1] epoch  33/100 loss=0.6979 train_acc=0.7042 val_acc=nan
[shadow_seed1] epoch  34/100 loss=0.6439 train_acc=0.7948 val_acc=nan
[shadow_seed1] epoch  35/100 loss=0.6287 train_acc=0.7054 val_acc=nan
[shadow_seed1] epoch  36/100 loss=0.6184 train_acc=0.7932 val_acc=nan
[shadow_seed1] epoch  37/100 loss=0.5862 train_acc=0.8063 val_acc=nan
[shadow_seed1] epoch  38/100 loss=0.5346 train_acc=0.8262 val_acc=nan
[shadow_seed1] epoch  39/100 loss=0.5184 train_acc=0.8509 val_acc=nan
[shadow_seed1] epoch  40/100 loss=0.4853 train_acc=0.8637 val_acc=nan
[shadow_seed1] epoch  41/100 loss=0.4941 train_acc=0.8297 val_acc=nan
[shadow_seed1] epoch  42/100 loss=0.4289 train_acc=0.8360 val_acc=nan
[shadow_seed1] epoch  43/100 loss=0.4608 train_acc=0.8868 val_acc=nan
[shadow_seed1] epoch  44/100 loss=0.4444 train_acc=0.8123 val_acc=nan
[shadow_seed1] epoch  45/100 loss=0.4974 train_acc=0.8218 val_acc=nan
[shadow_seed1] epoch  46/100 loss=0.4442 train_acc=0.8126 val_acc=nan
[shadow_seed1] epoch  47/100 loss=0.3388 train_acc=0.8343 val_acc=nan
[shadow_seed1] epoch  48/100 loss=0.3686 train_acc=0.9001 val_acc=nan
[shadow_seed1] epoch  49/100 loss=0.3101 train_acc=0.8373 val_acc=nan
[shadow_seed1] epoch  50/100 loss=0.3089 train_acc=0.9101 val_acc=nan
[shadow_seed1] epoch  51/100 loss=0.1202 train_acc=0.9925 val_acc=nan
[shadow_seed1] epoch  52/100 loss=0.0424 train_acc=0.9979 val_acc=nan
[shadow_seed1] epoch  53/100 loss=0.0241 train_acc=0.9988 val_acc=nan
[shadow_seed1] epoch  54/100 loss=0.0164 train_acc=0.9994 val_acc=nan
[shadow_seed1] epoch  55/100 loss=0.0127 train_acc=0.9994 val_acc=nan
[shadow_seed1] epoch  56/100 loss=0.0100 train_acc=0.9997 val_acc=nan
[shadow_seed1] epoch  57/100 loss=0.0084 train_acc=0.9997 val_acc=nan
[shadow_seed1] epoch  58/100 loss=0.0074 train_acc=0.9999 val_acc=nan
[shadow_seed1] epoch  59/100 loss=0.0066 train_acc=0.9999 val_acc=nan
[shadow_seed1] epoch  60/100 loss=0.0061 train_acc=1.0000 val_acc=nan
[shadow_seed1] epoch  61/100 loss=0.0057 train_acc=1.0000 val_acc=nan
[shadow_seed1] epoch  62/100 loss=0.0053 train_acc=1.0000 val_acc=nan
[shadow_seed1] epoch  63/100 loss=0.0051 train_acc=1.0000 val_acc=nan
[shadow_seed1] epoch  64/100 loss=0.0049 train_acc=1.0000 val_acc=nan
[shadow_seed1] epoch  65/100 loss=0.0048 train_acc=1.0000 val_acc=nan
[shadow_seed1] epoch  66/100 loss=0.0047 train_acc=1.0000 val_acc=nan
[shadow_seed1] epoch  67/100 loss=0.0046 train_acc=1.0000 val_acc=nan
[shadow_seed1] epoch  68/100 loss=0.0045 train_acc=1.0000 val_acc=nan
[shadow_seed1] epoch  69/100 loss=0.0044 train_acc=1.0000 val_acc=nan
[shadow_seed1] epoch  70/100 loss=0.0044 train_acc=1.0000 val_acc=nan
[shadow_seed1] epoch  71/100 loss=0.0044 train_acc=1.0000 val_acc=nan
[shadow_seed1] epoch  72/100 loss=0.0043 train_acc=1.0000 val_acc=nan
[shadow_seed1] epoch  73/100 loss=0.0043 train_acc=1.0000 val_acc=nan
[shadow_seed1] epoch  74/100 loss=0.0043 train_acc=1.0000 val_acc=nan
[shadow_seed1] epoch  75/100 loss=0.0043 train_acc=1.0000 val_acc=nan
[shadow_seed1] epoch  76/100 loss=0.0041 train_acc=1.0000 val_acc=nan
[shadow_seed1] epoch  77/100 loss=0.0041 train_acc=1.0000 val_acc=nan
[shadow_seed1] epoch  78/100 loss=0.0041 train_acc=1.0000 val_acc=nan
[shadow_seed1] epoch  79/100 loss=0.0041 train_acc=1.0000 val_acc=nan
[shadow_seed1] epoch  80/100 loss=0.0041 train_acc=1.0000 val_acc=nan
[shadow_seed1] epoch  81/100 loss=0.0041 train_acc=1.0000 val_acc=nan
[shadow_seed1] epoch  82/100 loss=0.0041 train_acc=1.0000 val_acc=nan
[shadow_seed1] epoch  83/100 loss=0.0041 train_acc=1.0000 val_acc=nan
[shadow_seed1] epoch  84/100 loss=0.0041 train_acc=1.0000 val_acc=nan
[shadow_seed1] epoch  85/100 loss=0.0041 train_acc=1.0000 val_acc=nan
[shadow_seed1] epoch  86/100 loss=0.0041 train_acc=1.0000 val_acc=nan
[shadow_seed1] epoch  87/100 loss=0.0041 train_acc=1.0000 val_acc=nan
[shadow_seed1] epoch  88/100 loss=0.0041 train_acc=1.0000 val_acc=nan
[shadow_seed1] epoch  89/100 loss=0.0041 train_acc=1.0000 val_acc=nan
[shadow_seed1] epoch  90/100 loss=0.0042 train_acc=1.0000 val_acc=nan
[shadow_seed1] epoch  91/100 loss=0.0041 train_acc=1.0000 val_acc=nan
[shadow_seed1] epoch  92/100 loss=0.0042 train_acc=1.0000 val_acc=nan
[shadow_seed1] epoch  93/100 loss=0.0042 train_acc=1.0000 val_acc=nan
[shadow_seed1] epoch  94/100 loss=0.0042 train_acc=1.0000 val_acc=nan
[shadow_seed1] epoch  95/100 loss=0.0042 train_acc=1.0000 val_acc=nan
[shadow_seed1] epoch  96/100 loss=0.0042 train_acc=1.0000 val_acc=nan
[shadow_seed1] epoch  97/100 loss=0.0042 train_acc=1.0000 val_acc=nan
[shadow_seed1] epoch  98/100 loss=0.0042 train_acc=1.0000 val_acc=nan
[shadow_seed1] epoch  99/100 loss=0.0042 train_acc=1.0000 val_acc=nan
[shadow_seed1] epoch 100/100 loss=0.0042 train_acc=1.0000 val_acc=nan
[bundle] shadow done in 2.4 min (train acc on members: 1.0000)
[ref0_seed1] epoch   1/100 loss=2.2334 train_acc=0.3608 val_acc=nan
[ref0_seed1] epoch   2/100 loss=2.0110 train_acc=0.3166 val_acc=nan
[ref0_seed1] epoch   3/100 loss=1.7222 train_acc=0.3899 val_acc=nan
[ref0_seed1] epoch   4/100 loss=1.5872 train_acc=0.4233 val_acc=nan
[ref0_seed1] epoch   5/100 loss=1.5132 train_acc=0.4402 val_acc=nan
[ref0_seed1] epoch   6/100 loss=1.4441 train_acc=0.4791 val_acc=nan
[ref0_seed1] epoch   7/100 loss=1.3923 train_acc=0.4998 val_acc=nan
[ref0_seed1] epoch   8/100 loss=1.3605 train_acc=0.5176 val_acc=nan
[ref0_seed1] epoch   9/100 loss=1.2821 train_acc=0.5101 val_acc=nan
[ref0_seed1] epoch  10/100 loss=1.2234 train_acc=0.5743 val_acc=nan
[ref0_seed1] epoch  11/100 loss=1.1953 train_acc=0.5676 val_acc=nan
[ref0_seed1] epoch  12/100 loss=1.1745 train_acc=0.5925 val_acc=nan
[ref0_seed1] epoch  13/100 loss=1.0987 train_acc=0.6167 val_acc=nan
[ref0_seed1] epoch  14/100 loss=1.0432 train_acc=0.6202 val_acc=nan
[ref0_seed1] epoch  15/100 loss=1.0055 train_acc=0.6678 val_acc=nan
[ref0_seed1] epoch  16/100 loss=0.9577 train_acc=0.6919 val_acc=nan
[ref0_seed1] epoch  17/100 loss=0.9207 train_acc=0.6885 val_acc=nan
[ref0_seed1] epoch  18/100 loss=0.8929 train_acc=0.6998 val_acc=nan
[ref0_seed1] epoch  19/100 loss=0.8615 train_acc=0.6852 val_acc=nan
[ref0_seed1] epoch  20/100 loss=0.8364 train_acc=0.7413 val_acc=nan
[ref0_seed1] epoch  21/100 loss=0.7707 train_acc=0.7522 val_acc=nan
[ref0_seed1] epoch  22/100 loss=0.7353 train_acc=0.7781 val_acc=nan
[ref0_seed1] epoch  23/100 loss=0.7167 train_acc=0.7482 val_acc=nan
[ref0_seed1] epoch  24/100 loss=0.6660 train_acc=0.7936 val_acc=nan
[ref0_seed1] epoch  25/100 loss=0.6131 train_acc=0.8165 val_acc=nan
[ref0_seed1] epoch  26/100 loss=0.6037 train_acc=0.8082 val_acc=nan
[ref0_seed1] epoch  27/100 loss=0.6143 train_acc=0.8234 val_acc=nan
[ref0_seed1] epoch  28/100 loss=0.5273 train_acc=0.8225 val_acc=nan
[ref0_seed1] epoch  29/100 loss=0.5016 train_acc=0.8674 val_acc=nan
[ref0_seed1] epoch  30/100 loss=0.4717 train_acc=0.8738 val_acc=nan
[ref0_seed1] epoch  31/100 loss=0.4313 train_acc=0.8624 val_acc=nan
[ref0_seed1] epoch  32/100 loss=0.4377 train_acc=0.8753 val_acc=nan
[ref0_seed1] epoch  33/100 loss=0.3735 train_acc=0.9009 val_acc=nan
[ref0_seed1] epoch  34/100 loss=0.3802 train_acc=0.8680 val_acc=nan
[ref0_seed1] epoch  35/100 loss=0.3744 train_acc=0.9082 val_acc=nan
[ref0_seed1] epoch  36/100 loss=0.3228 train_acc=0.9366 val_acc=nan
[ref0_seed1] epoch  37/100 loss=0.3267 train_acc=0.9314 val_acc=nan
[ref0_seed1] epoch  38/100 loss=0.3200 train_acc=0.8652 val_acc=nan
[ref0_seed1] epoch  39/100 loss=0.2857 train_acc=0.9373 val_acc=nan
[ref0_seed1] epoch  40/100 loss=0.2904 train_acc=0.9002 val_acc=nan
[ref0_seed1] epoch  41/100 loss=0.2494 train_acc=0.8846 val_acc=nan
[ref0_seed1] epoch  42/100 loss=0.2499 train_acc=0.9358 val_acc=nan
[ref0_seed1] epoch  43/100 loss=0.2244 train_acc=0.9305 val_acc=nan
[ref0_seed1] epoch  44/100 loss=0.2573 train_acc=0.9432 val_acc=nan
[ref0_seed1] epoch  45/100 loss=0.2341 train_acc=0.9446 val_acc=nan
[ref0_seed1] epoch  46/100 loss=0.1673 train_acc=0.9459 val_acc=nan
[ref0_seed1] epoch  47/100 loss=0.2238 train_acc=0.9348 val_acc=nan
[ref0_seed1] epoch  48/100 loss=0.2571 train_acc=0.9487 val_acc=nan
[ref0_seed1] epoch  49/100 loss=0.2328 train_acc=0.9498 val_acc=nan
[ref0_seed1] epoch  50/100 loss=0.1886 train_acc=0.9562 val_acc=nan
[ref0_seed1] epoch  51/100 loss=0.0483 train_acc=0.9988 val_acc=nan
[ref0_seed1] epoch  52/100 loss=0.0142 train_acc=0.9998 val_acc=nan
[ref0_seed1] epoch  53/100 loss=0.0087 train_acc=1.0000 val_acc=nan
[ref0_seed1] epoch  54/100 loss=0.0066 train_acc=1.0000 val_acc=nan
[ref0_seed1] epoch  55/100 loss=0.0056 train_acc=1.0000 val_acc=nan
[ref0_seed1] epoch  56/100 loss=0.0050 train_acc=1.0000 val_acc=nan
[ref0_seed1] epoch  57/100 loss=0.0046 train_acc=1.0000 val_acc=nan
[ref0_seed1] epoch  58/100 loss=0.0044 train_acc=1.0000 val_acc=nan
[ref0_seed1] epoch  59/100 loss=0.0043 train_acc=1.0000 val_acc=nan
[ref0_seed1] epoch  60/100 loss=0.0041 train_acc=1.0000 val_acc=nan
[ref0_seed1] epoch  61/100 loss=0.0041 train_acc=1.0000 val_acc=nan
[ref0_seed1] epoch  62/100 loss=0.0041 train_acc=1.0000 val_acc=nan
[ref0_seed1] epoch  63/100 loss=0.0040 train_acc=1.0000 val_acc=nan
[ref0_seed1] epoch  64/100 loss=0.0040 train_acc=1.0000 val_acc=nan
[ref0_seed1] epoch  65/100 loss=0.0040 train_acc=1.0000 val_acc=nan
[ref0_seed1] epoch  66/100 loss=0.0041 train_acc=1.0000 val_acc=nan
[ref0_seed1] epoch  67/100 loss=0.0041 train_acc=1.0000 val_acc=nan
[ref0_seed1] epoch  68/100 loss=0.0041 train_acc=1.0000 val_acc=nan
[ref0_seed1] epoch  69/100 loss=0.0041 train_acc=1.0000 val_acc=nan
[ref0_seed1] epoch  70/100 loss=0.0042 train_acc=1.0000 val_acc=nan
[ref0_seed1] epoch  71/100 loss=0.0042 train_acc=1.0000 val_acc=nan
[ref0_seed1] epoch  72/100 loss=0.0042 train_acc=1.0000 val_acc=nan
[ref0_seed1] epoch  73/100 loss=0.0043 train_acc=1.0000 val_acc=nan
[ref0_seed1] epoch  74/100 loss=0.0043 train_acc=1.0000 val_acc=nan
[ref0_seed1] epoch  75/100 loss=0.0043 train_acc=1.0000 val_acc=nan
[ref0_seed1] epoch  76/100 loss=0.0042 train_acc=1.0000 val_acc=nan
[ref0_seed1] epoch  77/100 loss=0.0041 train_acc=1.0000 val_acc=nan
[ref0_seed1] epoch  78/100 loss=0.0042 train_acc=1.0000 val_acc=nan
[ref0_seed1] epoch  79/100 loss=0.0042 train_acc=1.0000 val_acc=nan
[ref0_seed1] epoch  80/100 loss=0.0042 train_acc=1.0000 val_acc=nan
[ref0_seed1] epoch  81/100 loss=0.0042 train_acc=1.0000 val_acc=nan
[ref0_seed1] epoch  82/100 loss=0.0042 train_acc=1.0000 val_acc=nan
[ref0_seed1] epoch  83/100 loss=0.0042 train_acc=1.0000 val_acc=nan
[ref0_seed1] epoch  84/100 loss=0.0042 train_acc=1.0000 val_acc=nan
[ref0_seed1] epoch  85/100 loss=0.0042 train_acc=1.0000 val_acc=nan
[ref0_seed1] epoch  86/100 loss=0.0042 train_acc=1.0000 val_acc=nan
[ref0_seed1] epoch  87/100 loss=0.0042 train_acc=1.0000 val_acc=nan
[ref0_seed1] epoch  88/100 loss=0.0042 train_acc=1.0000 val_acc=nan
[ref0_seed1] epoch  89/100 loss=0.0042 train_acc=1.0000 val_acc=nan
[ref0_seed1] epoch  90/100 loss=0.0042 train_acc=1.0000 val_acc=nan
[ref0_seed1] epoch  91/100 loss=0.0042 train_acc=1.0000 val_acc=nan
[ref0_seed1] epoch  92/100 loss=0.0042 train_acc=1.0000 val_acc=nan
[ref0_seed1] epoch  93/100 loss=0.0042 train_acc=1.0000 val_acc=nan
[ref0_seed1] epoch  94/100 loss=0.0042 train_acc=1.0000 val_acc=nan
[ref0_seed1] epoch  95/100 loss=0.0042 train_acc=1.0000 val_acc=nan
[ref0_seed1] epoch  96/100 loss=0.0042 train_acc=1.0000 val_acc=nan
[ref0_seed1] epoch  97/100 loss=0.0043 train_acc=1.0000 val_acc=nan
[ref0_seed1] epoch  98/100 loss=0.0043 train_acc=1.0000 val_acc=nan
[ref0_seed1] epoch  99/100 loss=0.0043 train_acc=1.0000 val_acc=nan
[ref0_seed1] epoch 100/100 loss=0.0043 train_acc=1.0000 val_acc=nan
[ref1_seed1] epoch   1/100 loss=2.3680 train_acc=0.2658 val_acc=nan
[ref1_seed1] epoch   2/100 loss=2.0138 train_acc=0.2919 val_acc=nan
[ref1_seed1] epoch   3/100 loss=1.7702 train_acc=0.3566 val_acc=nan
[ref1_seed1] epoch   4/100 loss=1.6616 train_acc=0.3693 val_acc=nan
[ref1_seed1] epoch   5/100 loss=1.5968 train_acc=0.4086 val_acc=nan
[ref1_seed1] epoch   6/100 loss=1.5314 train_acc=0.4268 val_acc=nan
[ref1_seed1] epoch   7/100 loss=1.4920 train_acc=0.4294 val_acc=nan
[ref1_seed1] epoch   8/100 loss=1.4315 train_acc=0.4796 val_acc=nan
[ref1_seed1] epoch   9/100 loss=1.3830 train_acc=0.5029 val_acc=nan
[ref1_seed1] epoch  10/100 loss=1.3287 train_acc=0.5269 val_acc=nan
[ref1_seed1] epoch  11/100 loss=1.2841 train_acc=0.5171 val_acc=nan
[ref1_seed1] epoch  12/100 loss=1.2654 train_acc=0.5666 val_acc=nan
[ref1_seed1] epoch  13/100 loss=1.1872 train_acc=0.5908 val_acc=nan
[ref1_seed1] epoch  14/100 loss=1.1460 train_acc=0.6143 val_acc=nan
[ref1_seed1] epoch  15/100 loss=1.1419 train_acc=0.5874 val_acc=nan
[ref1_seed1] epoch  16/100 loss=1.0975 train_acc=0.6098 val_acc=nan
[ref1_seed1] epoch  17/100 loss=1.0460 train_acc=0.6316 val_acc=nan
[ref1_seed1] epoch  18/100 loss=1.0257 train_acc=0.6710 val_acc=nan
[ref1_seed1] epoch  19/100 loss=0.9689 train_acc=0.6670 val_acc=nan
[ref1_seed1] epoch  20/100 loss=0.9409 train_acc=0.6933 val_acc=nan
[ref1_seed1] epoch  21/100 loss=0.9213 train_acc=0.7128 val_acc=nan
[ref1_seed1] epoch  22/100 loss=0.8859 train_acc=0.7240 val_acc=nan
[ref1_seed1] epoch  23/100 loss=0.8633 train_acc=0.6890 val_acc=nan
[ref1_seed1] epoch  24/100 loss=0.8201 train_acc=0.7222 val_acc=nan
[ref1_seed1] epoch  25/100 loss=0.7605 train_acc=0.7354 val_acc=nan
[ref1_seed1] epoch  26/100 loss=0.7573 train_acc=0.7746 val_acc=nan
[ref1_seed1] epoch  27/100 loss=0.7213 train_acc=0.7557 val_acc=nan
[ref1_seed1] epoch  28/100 loss=0.7189 train_acc=0.7642 val_acc=nan
[ref1_seed1] epoch  29/100 loss=0.7088 train_acc=0.7881 val_acc=nan
[ref1_seed1] epoch  30/100 loss=0.6445 train_acc=0.8038 val_acc=nan
[ref1_seed1] epoch  31/100 loss=0.6598 train_acc=0.8050 val_acc=nan
[ref1_seed1] epoch  32/100 loss=0.6304 train_acc=0.7787 val_acc=nan
[ref1_seed1] epoch  33/100 loss=0.5843 train_acc=0.8190 val_acc=nan
[ref1_seed1] epoch  34/100 loss=0.5651 train_acc=0.8208 val_acc=nan
[ref1_seed1] epoch  35/100 loss=0.5357 train_acc=0.7550 val_acc=nan
[ref1_seed1] epoch  36/100 loss=0.5714 train_acc=0.8467 val_acc=nan
[ref1_seed1] epoch  37/100 loss=0.5158 train_acc=0.8376 val_acc=nan
[ref1_seed1] epoch  38/100 loss=0.4773 train_acc=0.8761 val_acc=nan
[ref1_seed1] epoch  39/100 loss=0.4594 train_acc=0.8350 val_acc=nan
[ref1_seed1] epoch  40/100 loss=0.4296 train_acc=0.8523 val_acc=nan
[ref1_seed1] epoch  41/100 loss=0.4338 train_acc=0.8560 val_acc=nan
[ref1_seed1] epoch  42/100 loss=0.4065 train_acc=0.8708 val_acc=nan
[ref1_seed1] epoch  43/100 loss=0.4690 train_acc=0.8523 val_acc=nan
[ref1_seed1] epoch  44/100 loss=0.3646 train_acc=0.8946 val_acc=nan
[ref1_seed1] epoch  45/100 loss=0.3818 train_acc=0.9194 val_acc=nan
[ref1_seed1] epoch  46/100 loss=0.3753 train_acc=0.8912 val_acc=nan
[ref1_seed1] epoch  47/100 loss=0.3512 train_acc=0.9020 val_acc=nan
[ref1_seed1] epoch  48/100 loss=0.3329 train_acc=0.9202 val_acc=nan
[ref1_seed1] epoch  49/100 loss=0.3461 train_acc=0.9220 val_acc=nan
[ref1_seed1] epoch  50/100 loss=0.3063 train_acc=0.8825 val_acc=nan
[ref1_seed1] epoch  51/100 loss=0.1040 train_acc=0.9936 val_acc=nan
[ref1_seed1] epoch  52/100 loss=0.0323 train_acc=0.9985 val_acc=nan
[ref1_seed1] epoch  53/100 loss=0.0177 train_acc=0.9997 val_acc=nan
[ref1_seed1] epoch  54/100 loss=0.0120 train_acc=0.9999 val_acc=nan
[ref1_seed1] epoch  55/100 loss=0.0090 train_acc=0.9999 val_acc=nan
[ref1_seed1] epoch  56/100 loss=0.0075 train_acc=1.0000 val_acc=nan
[ref1_seed1] epoch  57/100 loss=0.0065 train_acc=1.0000 val_acc=nan
[ref1_seed1] epoch  58/100 loss=0.0058 train_acc=1.0000 val_acc=nan
[ref1_seed1] epoch  59/100 loss=0.0055 train_acc=1.0000 val_acc=nan
[ref1_seed1] epoch  60/100 loss=0.0052 train_acc=1.0000 val_acc=nan
[ref1_seed1] epoch  61/100 loss=0.0050 train_acc=1.0000 val_acc=nan
[ref1_seed1] epoch  62/100 loss=0.0049 train_acc=1.0000 val_acc=nan
[ref1_seed1] epoch  63/100 loss=0.0048 train_acc=1.0000 val_acc=nan
[ref1_seed1] epoch  64/100 loss=0.0047 train_acc=1.0000 val_acc=nan
[ref1_seed1] epoch  65/100 loss=0.0047 train_acc=1.0000 val_acc=nan
[ref1_seed1] epoch  66/100 loss=0.0047 train_acc=1.0000 val_acc=nan
[ref1_seed1] epoch  67/100 loss=0.0046 train_acc=1.0000 val_acc=nan
[ref1_seed1] epoch  68/100 loss=0.0047 train_acc=1.0000 val_acc=nan
[ref1_seed1] epoch  69/100 loss=0.0046 train_acc=1.0000 val_acc=nan
[ref1_seed1] epoch  70/100 loss=0.0047 train_acc=1.0000 val_acc=nan
[ref1_seed1] epoch  71/100 loss=0.0047 train_acc=1.0000 val_acc=nan
[ref1_seed1] epoch  72/100 loss=0.0047 train_acc=1.0000 val_acc=nan
[ref1_seed1] epoch  73/100 loss=0.0047 train_acc=1.0000 val_acc=nan
[ref1_seed1] epoch  74/100 loss=0.0048 train_acc=1.0000 val_acc=nan
[ref1_seed1] epoch  75/100 loss=0.0047 train_acc=1.0000 val_acc=nan
[ref1_seed1] epoch  76/100 loss=0.0045 train_acc=1.0000 val_acc=nan
[ref1_seed1] epoch  77/100 loss=0.0045 train_acc=1.0000 val_acc=nan
[ref1_seed1] epoch  78/100 loss=0.0045 train_acc=1.0000 val_acc=nan
[ref1_seed1] epoch  79/100 loss=0.0045 train_acc=1.0000 val_acc=nan
[ref1_seed1] epoch  80/100 loss=0.0045 train_acc=1.0000 val_acc=nan
[ref1_seed1] epoch  81/100 loss=0.0045 train_acc=1.0000 val_acc=nan
[ref1_seed1] epoch  82/100 loss=0.0045 train_acc=1.0000 val_acc=nan
[ref1_seed1] epoch  83/100 loss=0.0045 train_acc=1.0000 val_acc=nan
[ref1_seed1] epoch  84/100 loss=0.0045 train_acc=1.0000 val_acc=nan
[ref1_seed1] epoch  85/100 loss=0.0045 train_acc=1.0000 val_acc=nan
[ref1_seed1] epoch  86/100 loss=0.0046 train_acc=1.0000 val_acc=nan
[ref1_seed1] epoch  87/100 loss=0.0046 train_acc=1.0000 val_acc=nan
[ref1_seed1] epoch  88/100 loss=0.0046 train_acc=1.0000 val_acc=nan
[ref1_seed1] epoch  89/100 loss=0.0046 train_acc=1.0000 val_acc=nan
[ref1_seed1] epoch  90/100 loss=0.0046 train_acc=1.0000 val_acc=nan
[ref1_seed1] epoch  91/100 loss=0.0046 train_acc=1.0000 val_acc=nan
[ref1_seed1] epoch  92/100 loss=0.0046 train_acc=1.0000 val_acc=nan
[ref1_seed1] epoch  93/100 loss=0.0046 train_acc=1.0000 val_acc=nan
[ref1_seed1] epoch  94/100 loss=0.0046 train_acc=1.0000 val_acc=nan
[ref1_seed1] epoch  95/100 loss=0.0046 train_acc=1.0000 val_acc=nan
[ref1_seed1] epoch  96/100 loss=0.0046 train_acc=1.0000 val_acc=nan
[ref1_seed1] epoch  97/100 loss=0.0046 train_acc=1.0000 val_acc=nan
[ref1_seed1] epoch  98/100 loss=0.0046 train_acc=1.0000 val_acc=nan
[ref1_seed1] epoch  99/100 loss=0.0046 train_acc=1.0000 val_acc=nan
[ref1_seed1] epoch 100/100 loss=0.0046 train_acc=1.0000 val_acc=nan
[ref2_seed1] epoch   1/100 loss=2.4557 train_acc=0.3039 val_acc=nan
[ref2_seed1] epoch   2/100 loss=2.0467 train_acc=0.2939 val_acc=nan
[ref2_seed1] epoch   3/100 loss=1.8303 train_acc=0.3389 val_acc=nan
[ref2_seed1] epoch   4/100 loss=1.7108 train_acc=0.4044 val_acc=nan
[ref2_seed1] epoch   5/100 loss=1.6233 train_acc=0.4213 val_acc=nan
[ref2_seed1] epoch   6/100 loss=1.5667 train_acc=0.4450 val_acc=nan
[ref2_seed1] epoch   7/100 loss=1.5125 train_acc=0.4702 val_acc=nan
[ref2_seed1] epoch   8/100 loss=1.4309 train_acc=0.4951 val_acc=nan
[ref2_seed1] epoch   9/100 loss=1.3821 train_acc=0.4914 val_acc=nan
[ref2_seed1] epoch  10/100 loss=1.3281 train_acc=0.5135 val_acc=nan
[ref2_seed1] epoch  11/100 loss=1.2893 train_acc=0.5495 val_acc=nan
[ref2_seed1] epoch  12/100 loss=1.2295 train_acc=0.5590 val_acc=nan
[ref2_seed1] epoch  13/100 loss=1.2065 train_acc=0.5917 val_acc=nan
[ref2_seed1] epoch  14/100 loss=1.1793 train_acc=0.6092 val_acc=nan
[ref2_seed1] epoch  15/100 loss=1.1311 train_acc=0.6084 val_acc=nan
[ref2_seed1] epoch  16/100 loss=1.0775 train_acc=0.6361 val_acc=nan
[ref2_seed1] epoch  17/100 loss=1.0614 train_acc=0.6470 val_acc=nan
[ref2_seed1] epoch  18/100 loss=1.0324 train_acc=0.6341 val_acc=nan
[ref2_seed1] epoch  19/100 loss=0.9872 train_acc=0.6620 val_acc=nan
[ref2_seed1] epoch  20/100 loss=0.9708 train_acc=0.6528 val_acc=nan
[ref2_seed1] epoch  21/100 loss=0.9288 train_acc=0.7247 val_acc=nan
[ref2_seed1] epoch  22/100 loss=0.8794 train_acc=0.7258 val_acc=nan
[ref2_seed1] epoch  23/100 loss=0.8450 train_acc=0.7278 val_acc=nan
[ref2_seed1] epoch  24/100 loss=0.8070 train_acc=0.7271 val_acc=nan
[ref2_seed1] epoch  25/100 loss=0.7965 train_acc=0.7304 val_acc=nan
[ref2_seed1] epoch  26/100 loss=0.7764 train_acc=0.7801 val_acc=nan
[ref2_seed1] epoch  27/100 loss=0.7159 train_acc=0.7938 val_acc=nan
[ref2_seed1] epoch  28/100 loss=0.6977 train_acc=0.7557 val_acc=nan
[ref2_seed1] epoch  29/100 loss=0.6619 train_acc=0.7833 val_acc=nan
[ref2_seed1] epoch  30/100 loss=0.6358 train_acc=0.8146 val_acc=nan
[ref2_seed1] epoch  31/100 loss=0.6018 train_acc=0.7804 val_acc=nan
[ref2_seed1] epoch  32/100 loss=0.6157 train_acc=0.8186 val_acc=nan
[ref2_seed1] epoch  33/100 loss=0.5398 train_acc=0.8511 val_acc=nan
[ref2_seed1] epoch  34/100 loss=0.5672 train_acc=0.8226 val_acc=nan
[ref2_seed1] epoch  35/100 loss=0.5048 train_acc=0.8434 val_acc=nan
[ref2_seed1] epoch  36/100 loss=0.4388 train_acc=0.8390 val_acc=nan
[ref2_seed1] epoch  37/100 loss=0.4740 train_acc=0.8472 val_acc=nan
[ref2_seed1] epoch  38/100 loss=0.4432 train_acc=0.8850 val_acc=nan
[ref2_seed1] epoch  39/100 loss=0.4485 train_acc=0.8643 val_acc=nan
[ref2_seed1] epoch  40/100 loss=0.3898 train_acc=0.8934 val_acc=nan
[ref2_seed1] epoch  41/100 loss=0.3715 train_acc=0.8610 val_acc=nan
[ref2_seed1] epoch  42/100 loss=0.3558 train_acc=0.8998 val_acc=nan
[ref2_seed1] epoch  43/100 loss=0.3571 train_acc=0.8756 val_acc=nan
[ref2_seed1] epoch  44/100 loss=0.3625 train_acc=0.8583 val_acc=nan
[ref2_seed1] epoch  45/100 loss=0.3534 train_acc=0.8905 val_acc=nan
[ref2_seed1] epoch  46/100 loss=0.3566 train_acc=0.9449 val_acc=nan
[ref2_seed1] epoch  47/100 loss=0.2820 train_acc=0.9358 val_acc=nan
[ref2_seed1] epoch  48/100 loss=0.2733 train_acc=0.9185 val_acc=nan
[ref2_seed1] epoch  49/100 loss=0.2854 train_acc=0.9510 val_acc=nan
[ref2_seed1] epoch  50/100 loss=0.2655 train_acc=0.8848 val_acc=nan
[ref2_seed1] epoch  51/100 loss=0.0936 train_acc=0.9961 val_acc=nan
[ref2_seed1] epoch  52/100 loss=0.0258 train_acc=0.9992 val_acc=nan
[ref2_seed1] epoch  53/100 loss=0.0148 train_acc=0.9997 val_acc=nan
[ref2_seed1] epoch  54/100 loss=0.0104 train_acc=0.9999 val_acc=nan
[ref2_seed1] epoch  55/100 loss=0.0081 train_acc=1.0000 val_acc=nan
[ref2_seed1] epoch  56/100 loss=0.0069 train_acc=1.0000 val_acc=nan
[ref2_seed1] epoch  57/100 loss=0.0061 train_acc=1.0000 val_acc=nan
[ref2_seed1] epoch  58/100 loss=0.0056 train_acc=1.0000 val_acc=nan
[ref2_seed1] epoch  59/100 loss=0.0053 train_acc=1.0000 val_acc=nan
[ref2_seed1] epoch  60/100 loss=0.0050 train_acc=1.0000 val_acc=nan
[ref2_seed1] epoch  61/100 loss=0.0049 train_acc=1.0000 val_acc=nan
[ref2_seed1] epoch  62/100 loss=0.0048 train_acc=1.0000 val_acc=nan
[ref2_seed1] epoch  63/100 loss=0.0047 train_acc=1.0000 val_acc=nan
[ref2_seed1] epoch  64/100 loss=0.0047 train_acc=1.0000 val_acc=nan
[ref2_seed1] epoch  65/100 loss=0.0046 train_acc=1.0000 val_acc=nan
[ref2_seed1] epoch  66/100 loss=0.0046 train_acc=1.0000 val_acc=nan
[ref2_seed1] epoch  67/100 loss=0.0046 train_acc=1.0000 val_acc=nan
[ref2_seed1] epoch  68/100 loss=0.0046 train_acc=1.0000 val_acc=nan
[ref2_seed1] epoch  69/100 loss=0.0046 train_acc=1.0000 val_acc=nan
[ref2_seed1] epoch  70/100 loss=0.0046 train_acc=1.0000 val_acc=nan
[ref2_seed1] epoch  71/100 loss=0.0046 train_acc=1.0000 val_acc=nan
[ref2_seed1] epoch  72/100 loss=0.0047 train_acc=1.0000 val_acc=nan
[ref2_seed1] epoch  73/100 loss=0.0047 train_acc=1.0000 val_acc=nan
[ref2_seed1] epoch  74/100 loss=0.0047 train_acc=1.0000 val_acc=nan
[ref2_seed1] epoch  75/100 loss=0.0047 train_acc=1.0000 val_acc=nan
[ref2_seed1] epoch  76/100 loss=0.0045 train_acc=1.0000 val_acc=nan
[ref2_seed1] epoch  77/100 loss=0.0045 train_acc=1.0000 val_acc=nan
[ref2_seed1] epoch  78/100 loss=0.0045 train_acc=1.0000 val_acc=nan
[ref2_seed1] epoch  79/100 loss=0.0045 train_acc=1.0000 val_acc=nan
[ref2_seed1] epoch  80/100 loss=0.0045 train_acc=1.0000 val_acc=nan
[ref2_seed1] epoch  81/100 loss=0.0045 train_acc=1.0000 val_acc=nan
[ref2_seed1] epoch  82/100 loss=0.0045 train_acc=1.0000 val_acc=nan
[ref2_seed1] epoch  83/100 loss=0.0045 train_acc=1.0000 val_acc=nan
[ref2_seed1] epoch  84/100 loss=0.0045 train_acc=1.0000 val_acc=nan
[ref2_seed1] epoch  85/100 loss=0.0045 train_acc=1.0000 val_acc=nan
[ref2_seed1] epoch  86/100 loss=0.0045 train_acc=1.0000 val_acc=nan
[ref2_seed1] epoch  87/100 loss=0.0045 train_acc=1.0000 val_acc=nan
[ref2_seed1] epoch  88/100 loss=0.0045 train_acc=1.0000 val_acc=nan
[ref2_seed1] epoch  89/100 loss=0.0045 train_acc=1.0000 val_acc=nan
[ref2_seed1] epoch  90/100 loss=0.0045 train_acc=1.0000 val_acc=nan
[ref2_seed1] epoch  91/100 loss=0.0045 train_acc=1.0000 val_acc=nan
[ref2_seed1] epoch  92/100 loss=0.0046 train_acc=1.0000 val_acc=nan
[ref2_seed1] epoch  93/100 loss=0.0046 train_acc=1.0000 val_acc=nan
[ref2_seed1] epoch  94/100 loss=0.0046 train_acc=1.0000 val_acc=nan
[ref2_seed1] epoch  95/100 loss=0.0046 train_acc=1.0000 val_acc=nan
[ref2_seed1] epoch  96/100 loss=0.0046 train_acc=1.0000 val_acc=nan
[ref2_seed1] epoch  97/100 loss=0.0046 train_acc=1.0000 val_acc=nan
[ref2_seed1] epoch  98/100 loss=0.0046 train_acc=1.0000 val_acc=nan
[ref2_seed1] epoch  99/100 loss=0.0046 train_acc=1.0000 val_acc=nan
[ref2_seed1] epoch 100/100 loss=0.0046 train_acc=1.0000 val_acc=nan
[ref3_seed1] epoch   1/100 loss=2.7205 train_acc=0.2592 val_acc=nan
[ref3_seed1] epoch   2/100 loss=1.9354 train_acc=0.3011 val_acc=nan
[ref3_seed1] epoch   3/100 loss=1.8006 train_acc=0.3685 val_acc=nan
[ref3_seed1] epoch   4/100 loss=1.6909 train_acc=0.3905 val_acc=nan
[ref3_seed1] epoch   5/100 loss=1.6252 train_acc=0.4158 val_acc=nan
[ref3_seed1] epoch   6/100 loss=1.5691 train_acc=0.4242 val_acc=nan
[ref3_seed1] epoch   7/100 loss=1.4971 train_acc=0.4507 val_acc=nan
[ref3_seed1] epoch   8/100 loss=1.4563 train_acc=0.4917 val_acc=nan
[ref3_seed1] epoch   9/100 loss=1.4161 train_acc=0.5048 val_acc=nan
[ref3_seed1] epoch  10/100 loss=1.3927 train_acc=0.5102 val_acc=nan
[ref3_seed1] epoch  11/100 loss=1.3607 train_acc=0.4870 val_acc=nan
[ref3_seed1] epoch  12/100 loss=1.3087 train_acc=0.5538 val_acc=nan
[ref3_seed1] epoch  13/100 loss=1.2651 train_acc=0.5574 val_acc=nan
[ref3_seed1] epoch  14/100 loss=1.2295 train_acc=0.5792 val_acc=nan
[ref3_seed1] epoch  15/100 loss=1.1827 train_acc=0.5894 val_acc=nan
[ref3_seed1] epoch  16/100 loss=1.1873 train_acc=0.6041 val_acc=nan
[ref3_seed1] epoch  17/100 loss=1.1394 train_acc=0.6250 val_acc=nan
[ref3_seed1] epoch  18/100 loss=1.0882 train_acc=0.6299 val_acc=nan
[ref3_seed1] epoch  19/100 loss=1.0476 train_acc=0.6591 val_acc=nan
[ref3_seed1] epoch  20/100 loss=1.0170 train_acc=0.6087 val_acc=nan
[ref3_seed1] epoch  21/100 loss=1.0184 train_acc=0.6598 val_acc=nan
[ref3_seed1] epoch  22/100 loss=0.9521 train_acc=0.6839 val_acc=nan
[ref3_seed1] epoch  23/100 loss=0.9299 train_acc=0.6626 val_acc=nan
[ref3_seed1] epoch  24/100 loss=0.9002 train_acc=0.7058 val_acc=nan
[ref3_seed1] epoch  25/100 loss=0.8549 train_acc=0.7277 val_acc=nan
[ref3_seed1] epoch  26/100 loss=0.8282 train_acc=0.7424 val_acc=nan
[ref3_seed1] epoch  27/100 loss=0.7780 train_acc=0.7295 val_acc=nan
[ref3_seed1] epoch  28/100 loss=0.7868 train_acc=0.7678 val_acc=nan
[ref3_seed1] epoch  29/100 loss=0.7271 train_acc=0.7818 val_acc=nan
[ref3_seed1] epoch  30/100 loss=0.6996 train_acc=0.7930 val_acc=nan
[ref3_seed1] epoch  31/100 loss=0.6703 train_acc=0.7860 val_acc=nan
[ref3_seed1] epoch  32/100 loss=0.6575 train_acc=0.8257 val_acc=nan
[ref3_seed1] epoch  33/100 loss=0.6177 train_acc=0.7996 val_acc=nan
[ref3_seed1] epoch  34/100 loss=0.5843 train_acc=0.7979 val_acc=nan
[ref3_seed1] epoch  35/100 loss=0.5534 train_acc=0.8507 val_acc=nan
[ref3_seed1] epoch  36/100 loss=0.5207 train_acc=0.8266 val_acc=nan
[ref3_seed1] epoch  37/100 loss=0.4812 train_acc=0.8506 val_acc=nan
[ref3_seed1] epoch  38/100 loss=0.4571 train_acc=0.8690 val_acc=nan
[ref3_seed1] epoch  39/100 loss=0.4976 train_acc=0.8527 val_acc=nan
[ref3_seed1] epoch  40/100 loss=0.4289 train_acc=0.8974 val_acc=nan
[ref3_seed1] epoch  41/100 loss=0.4034 train_acc=0.8512 val_acc=nan
[ref3_seed1] epoch  42/100 loss=0.4199 train_acc=0.8638 val_acc=nan
[ref3_seed1] epoch  43/100 loss=0.3363 train_acc=0.8966 val_acc=nan
[ref3_seed1] epoch  44/100 loss=0.3508 train_acc=0.9140 val_acc=nan
[ref3_seed1] epoch  45/100 loss=0.3428 train_acc=0.8738 val_acc=nan
[ref3_seed1] epoch  46/100 loss=0.3409 train_acc=0.8610 val_acc=nan
[ref3_seed1] epoch  47/100 loss=0.3567 train_acc=0.8936 val_acc=nan
[ref3_seed1] epoch  48/100 loss=0.3209 train_acc=0.9303 val_acc=nan
[ref3_seed1] epoch  49/100 loss=0.3193 train_acc=0.9023 val_acc=nan
[ref3_seed1] epoch  50/100 loss=0.2994 train_acc=0.9391 val_acc=nan
[ref3_seed1] epoch  51/100 loss=0.0925 train_acc=0.9954 val_acc=nan
[ref3_seed1] epoch  52/100 loss=0.0281 train_acc=0.9991 val_acc=nan
[ref3_seed1] epoch  53/100 loss=0.0156 train_acc=0.9998 val_acc=nan
[ref3_seed1] epoch  54/100 loss=0.0108 train_acc=0.9999 val_acc=nan
[ref3_seed1] epoch  55/100 loss=0.0085 train_acc=0.9999 val_acc=nan
[ref3_seed1] epoch  56/100 loss=0.0071 train_acc=0.9999 val_acc=nan
[ref3_seed1] epoch  57/100 loss=0.0062 train_acc=0.9999 val_acc=nan
[ref3_seed1] epoch  58/100 loss=0.0057 train_acc=1.0000 val_acc=nan
[ref3_seed1] epoch  59/100 loss=0.0054 train_acc=1.0000 val_acc=nan
[ref3_seed1] epoch  60/100 loss=0.0051 train_acc=1.0000 val_acc=nan
[ref3_seed1] epoch  61/100 loss=0.0049 train_acc=1.0000 val_acc=nan
[ref3_seed1] epoch  62/100 loss=0.0048 train_acc=1.0000 val_acc=nan
[ref3_seed1] epoch  63/100 loss=0.0047 train_acc=1.0000 val_acc=nan
[ref3_seed1] epoch  64/100 loss=0.0047 train_acc=1.0000 val_acc=nan
[ref3_seed1] epoch  65/100 loss=0.0046 train_acc=1.0000 val_acc=nan
[ref3_seed1] epoch  66/100 loss=0.0046 train_acc=1.0000 val_acc=nan
[ref3_seed1] epoch  67/100 loss=0.0046 train_acc=1.0000 val_acc=nan
[ref3_seed1] epoch  68/100 loss=0.0046 train_acc=1.0000 val_acc=nan
[ref3_seed1] epoch  69/100 loss=0.0046 train_acc=1.0000 val_acc=nan
[ref3_seed1] epoch  70/100 loss=0.0046 train_acc=1.0000 val_acc=nan
[ref3_seed1] epoch  71/100 loss=0.0046 train_acc=1.0000 val_acc=nan
[ref3_seed1] epoch  72/100 loss=0.0047 train_acc=1.0000 val_acc=nan
[ref3_seed1] epoch  73/100 loss=0.0047 train_acc=1.0000 val_acc=nan
[ref3_seed1] epoch  74/100 loss=0.0047 train_acc=1.0000 val_acc=nan
[ref3_seed1] epoch  75/100 loss=0.0047 train_acc=1.0000 val_acc=nan
[ref3_seed1] epoch  76/100 loss=0.0045 train_acc=1.0000 val_acc=nan
[ref3_seed1] epoch  77/100 loss=0.0045 train_acc=1.0000 val_acc=nan
[ref3_seed1] epoch  78/100 loss=0.0045 train_acc=1.0000 val_acc=nan
[ref3_seed1] epoch  79/100 loss=0.0045 train_acc=1.0000 val_acc=nan
[ref3_seed1] epoch  80/100 loss=0.0045 train_acc=1.0000 val_acc=nan
[ref3_seed1] epoch  81/100 loss=0.0045 train_acc=1.0000 val_acc=nan
[ref3_seed1] epoch  82/100 loss=0.0045 train_acc=1.0000 val_acc=nan
[ref3_seed1] epoch  83/100 loss=0.0045 train_acc=1.0000 val_acc=nan
[ref3_seed1] epoch  84/100 loss=0.0045 train_acc=1.0000 val_acc=nan
[ref3_seed1] epoch  85/100 loss=0.0046 train_acc=1.0000 val_acc=nan
[ref3_seed1] epoch  86/100 loss=0.0046 train_acc=1.0000 val_acc=nan
[ref3_seed1] epoch  87/100 loss=0.0046 train_acc=1.0000 val_acc=nan
[ref3_seed1] epoch  88/100 loss=0.0046 train_acc=1.0000 val_acc=nan
[ref3_seed1] epoch  89/100 loss=0.0046 train_acc=1.0000 val_acc=nan
[ref3_seed1] epoch  90/100 loss=0.0046 train_acc=1.0000 val_acc=nan
[ref3_seed1] epoch  91/100 loss=0.0046 train_acc=1.0000 val_acc=nan
[ref3_seed1] epoch  92/100 loss=0.0046 train_acc=1.0000 val_acc=nan
[ref3_seed1] epoch  93/100 loss=0.0046 train_acc=1.0000 val_acc=nan
[ref3_seed1] epoch  94/100 loss=0.0046 train_acc=1.0000 val_acc=nan
[ref3_seed1] epoch  95/100 loss=0.0046 train_acc=1.0000 val_acc=nan
[ref3_seed1] epoch  96/100 loss=0.0046 train_acc=1.0000 val_acc=nan
[ref3_seed1] epoch  97/100 loss=0.0046 train_acc=1.0000 val_acc=nan
[ref3_seed1] epoch  98/100 loss=0.0046 train_acc=1.0000 val_acc=nan
[ref3_seed1] epoch  99/100 loss=0.0046 train_acc=1.0000 val_acc=nan
[ref3_seed1] epoch 100/100 loss=0.0046 train_acc=1.0000 val_acc=nan
[done] bundles for seed 1 at /mnt/data/mia_benchmark_4090/repo/benchmark/bundles/cifar10/seed1
[shadow_seed2] epoch   1/100 loss=2.8560 train_acc=0.1982 val_acc=nan
[shadow_seed2] epoch   2/100 loss=2.0551 train_acc=0.2342 val_acc=nan
[shadow_seed2] epoch   3/100 loss=1.9731 train_acc=0.2413 val_acc=nan
[shadow_seed2] epoch   4/100 loss=1.8816 train_acc=0.3296 val_acc=nan
[shadow_seed2] epoch   5/100 loss=1.8024 train_acc=0.3362 val_acc=nan
[shadow_seed2] epoch   6/100 loss=1.7283 train_acc=0.3555 val_acc=nan
[shadow_seed2] epoch   7/100 loss=1.6840 train_acc=0.3908 val_acc=nan
[shadow_seed2] epoch   8/100 loss=1.6204 train_acc=0.4221 val_acc=nan
[shadow_seed2] epoch   9/100 loss=1.5849 train_acc=0.4181 val_acc=nan
[shadow_seed2] epoch  10/100 loss=1.5462 train_acc=0.4187 val_acc=nan
[shadow_seed2] epoch  11/100 loss=1.5201 train_acc=0.4503 val_acc=nan
[shadow_seed2] epoch  12/100 loss=1.4877 train_acc=0.4412 val_acc=nan
[shadow_seed2] epoch  13/100 loss=1.4544 train_acc=0.4487 val_acc=nan
[shadow_seed2] epoch  14/100 loss=1.4384 train_acc=0.4235 val_acc=nan
[shadow_seed2] epoch  15/100 loss=1.4065 train_acc=0.5137 val_acc=nan
[shadow_seed2] epoch  16/100 loss=1.3637 train_acc=0.5122 val_acc=nan
[shadow_seed2] epoch  17/100 loss=1.3672 train_acc=0.4110 val_acc=nan
[shadow_seed2] epoch  18/100 loss=1.3577 train_acc=0.5171 val_acc=nan
[shadow_seed2] epoch  19/100 loss=1.3097 train_acc=0.5318 val_acc=nan
[shadow_seed2] epoch  20/100 loss=1.2801 train_acc=0.5316 val_acc=nan
[shadow_seed2] epoch  21/100 loss=1.2475 train_acc=0.5325 val_acc=nan
[shadow_seed2] epoch  22/100 loss=1.2393 train_acc=0.5098 val_acc=nan
[shadow_seed2] epoch  23/100 loss=1.2028 train_acc=0.5129 val_acc=nan
[shadow_seed2] epoch  24/100 loss=1.1995 train_acc=0.5773 val_acc=nan
[shadow_seed2] epoch  25/100 loss=1.1938 train_acc=0.6110 val_acc=nan
[shadow_seed2] epoch  26/100 loss=1.1470 train_acc=0.6089 val_acc=nan
[shadow_seed2] epoch  27/100 loss=1.1367 train_acc=0.6223 val_acc=nan
[shadow_seed2] epoch  28/100 loss=1.1018 train_acc=0.5943 val_acc=nan
[shadow_seed2] epoch  29/100 loss=1.1229 train_acc=0.6187 val_acc=nan
[shadow_seed2] epoch  30/100 loss=1.0834 train_acc=0.5513 val_acc=nan
[shadow_seed2] epoch  31/100 loss=1.0453 train_acc=0.6151 val_acc=nan
[shadow_seed2] epoch  32/100 loss=1.0375 train_acc=0.5953 val_acc=nan
[shadow_seed2] epoch  33/100 loss=1.0115 train_acc=0.6050 val_acc=nan
[shadow_seed2] epoch  34/100 loss=1.0155 train_acc=0.6835 val_acc=nan
[shadow_seed2] epoch  35/100 loss=0.9319 train_acc=0.6585 val_acc=nan
[shadow_seed2] epoch  36/100 loss=0.9533 train_acc=0.6804 val_acc=nan
[shadow_seed2] epoch  37/100 loss=0.9193 train_acc=0.7006 val_acc=nan
[shadow_seed2] epoch  38/100 loss=0.8574 train_acc=0.6549 val_acc=nan
[shadow_seed2] epoch  39/100 loss=0.8956 train_acc=0.6857 val_acc=nan
[shadow_seed2] epoch  40/100 loss=0.8332 train_acc=0.6916 val_acc=nan
[shadow_seed2] epoch  41/100 loss=0.8715 train_acc=0.6947 val_acc=nan
[shadow_seed2] epoch  42/100 loss=0.8079 train_acc=0.6988 val_acc=nan
[shadow_seed2] epoch  43/100 loss=0.8380 train_acc=0.7478 val_acc=nan
[shadow_seed2] epoch  44/100 loss=0.7764 train_acc=0.7337 val_acc=nan
[shadow_seed2] epoch  45/100 loss=0.8101 train_acc=0.7461 val_acc=nan
[shadow_seed2] epoch  46/100 loss=0.7303 train_acc=0.7497 val_acc=nan
[shadow_seed2] epoch  47/100 loss=0.7136 train_acc=0.7647 val_acc=nan
[shadow_seed2] epoch  48/100 loss=0.7089 train_acc=0.7024 val_acc=nan
[shadow_seed2] epoch  49/100 loss=0.7111 train_acc=0.7659 val_acc=nan
[shadow_seed2] epoch  50/100 loss=0.6499 train_acc=0.7638 val_acc=nan
[shadow_seed2] epoch  51/100 loss=0.3622 train_acc=0.9277 val_acc=nan
[shadow_seed2] epoch  52/100 loss=0.2268 train_acc=0.9507 val_acc=nan
[shadow_seed2] epoch  53/100 loss=0.1766 train_acc=0.9612 val_acc=nan
[shadow_seed2] epoch  54/100 loss=0.1428 train_acc=0.9719 val_acc=nan
[shadow_seed2] epoch  55/100 loss=0.1155 train_acc=0.9830 val_acc=nan
[shadow_seed2] epoch  56/100 loss=0.0871 train_acc=0.9853 val_acc=nan
[shadow_seed2] epoch  57/100 loss=0.0681 train_acc=0.9924 val_acc=nan
[shadow_seed2] epoch  58/100 loss=0.0527 train_acc=0.9950 val_acc=nan
[shadow_seed2] epoch  59/100 loss=0.0470 train_acc=0.9963 val_acc=nan
[shadow_seed2] epoch  60/100 loss=0.0335 train_acc=0.9980 val_acc=nan
[shadow_seed2] epoch  61/100 loss=0.0249 train_acc=0.9990 val_acc=nan
[shadow_seed2] epoch  62/100 loss=0.0195 train_acc=0.9995 val_acc=nan
[shadow_seed2] epoch  63/100 loss=0.0154 train_acc=0.9999 val_acc=nan
[shadow_seed2] epoch  64/100 loss=0.0141 train_acc=1.0000 val_acc=nan
[shadow_seed2] epoch  65/100 loss=0.0111 train_acc=1.0000 val_acc=nan
[shadow_seed2] epoch  66/100 loss=0.0097 train_acc=1.0000 val_acc=nan
[shadow_seed2] epoch  67/100 loss=0.0085 train_acc=1.0000 val_acc=nan
[shadow_seed2] epoch  68/100 loss=0.0077 train_acc=1.0000 val_acc=nan
[shadow_seed2] epoch  69/100 loss=0.0073 train_acc=1.0000 val_acc=nan
[shadow_seed2] epoch  70/100 loss=0.0070 train_acc=1.0000 val_acc=nan
[shadow_seed2] epoch  71/100 loss=0.0068 train_acc=1.0000 val_acc=nan
[shadow_seed2] epoch  72/100 loss=0.0065 train_acc=1.0000 val_acc=nan
[shadow_seed2] epoch  73/100 loss=0.0063 train_acc=1.0000 val_acc=nan
[shadow_seed2] epoch  74/100 loss=0.0063 train_acc=1.0000 val_acc=nan
[shadow_seed2] epoch  75/100 loss=0.0061 train_acc=1.0000 val_acc=nan
[shadow_seed2] epoch  76/100 loss=0.0055 train_acc=1.0000 val_acc=nan
[shadow_seed2] epoch  77/100 loss=0.0054 train_acc=1.0000 val_acc=nan
[shadow_seed2] epoch  78/100 loss=0.0054 train_acc=1.0000 val_acc=nan
[shadow_seed2] epoch  79/100 loss=0.0054 train_acc=1.0000 val_acc=nan
[shadow_seed2] epoch  80/100 loss=0.0054 train_acc=1.0000 val_acc=nan
[shadow_seed2] epoch  81/100 loss=0.0054 train_acc=1.0000 val_acc=nan
[shadow_seed2] epoch  82/100 loss=0.0054 train_acc=1.0000 val_acc=nan
[shadow_seed2] epoch  83/100 loss=0.0054 train_acc=1.0000 val_acc=nan
[shadow_seed2] epoch  84/100 loss=0.0054 train_acc=1.0000 val_acc=nan
[shadow_seed2] epoch  85/100 loss=0.0054 train_acc=1.0000 val_acc=nan
[shadow_seed2] epoch  86/100 loss=0.0054 train_acc=1.0000 val_acc=nan
[shadow_seed2] epoch  87/100 loss=0.0054 train_acc=1.0000 val_acc=nan
[shadow_seed2] epoch  88/100 loss=0.0054 train_acc=1.0000 val_acc=nan
[shadow_seed2] epoch  89/100 loss=0.0054 train_acc=1.0000 val_acc=nan
[shadow_seed2] epoch  90/100 loss=0.0054 train_acc=1.0000 val_acc=nan
[shadow_seed2] epoch  91/100 loss=0.0054 train_acc=1.0000 val_acc=nan
[shadow_seed2] epoch  92/100 loss=0.0054 train_acc=1.0000 val_acc=nan
[shadow_seed2] epoch  93/100 loss=0.0054 train_acc=1.0000 val_acc=nan
[shadow_seed2] epoch  94/100 loss=0.0054 train_acc=1.0000 val_acc=nan
[shadow_seed2] epoch  95/100 loss=0.0054 train_acc=1.0000 val_acc=nan
[shadow_seed2] epoch  96/100 loss=0.0054 train_acc=1.0000 val_acc=nan
[shadow_seed2] epoch  97/100 loss=0.0054 train_acc=1.0000 val_acc=nan
[shadow_seed2] epoch  98/100 loss=0.0054 train_acc=1.0000 val_acc=nan
[shadow_seed2] epoch  99/100 loss=0.0054 train_acc=1.0000 val_acc=nan
[shadow_seed2] epoch 100/100 loss=0.0054 train_acc=1.0000 val_acc=nan
[bundle] shadow done in 2.5 min (train acc on members: 1.0000)
[ref0_seed2] epoch   1/100 loss=2.5297 train_acc=0.2842 val_acc=nan
[ref0_seed2] epoch   2/100 loss=1.9122 train_acc=0.3522 val_acc=nan
[ref0_seed2] epoch   3/100 loss=1.6884 train_acc=0.3999 val_acc=nan
[ref0_seed2] epoch   4/100 loss=1.5991 train_acc=0.4274 val_acc=nan
[ref0_seed2] epoch   5/100 loss=1.5241 train_acc=0.4129 val_acc=nan
[ref0_seed2] epoch   6/100 loss=1.4683 train_acc=0.4700 val_acc=nan
[ref0_seed2] epoch   7/100 loss=1.4456 train_acc=0.4661 val_acc=nan
[ref0_seed2] epoch   8/100 loss=1.4042 train_acc=0.4859 val_acc=nan
[ref0_seed2] epoch   9/100 loss=1.3830 train_acc=0.4930 val_acc=nan
[ref0_seed2] epoch  10/100 loss=1.3139 train_acc=0.5066 val_acc=nan
[ref0_seed2] epoch  11/100 loss=1.2774 train_acc=0.5510 val_acc=nan
[ref0_seed2] epoch  12/100 loss=1.2558 train_acc=0.5329 val_acc=nan
[ref0_seed2] epoch  13/100 loss=1.2134 train_acc=0.5722 val_acc=nan
[ref0_seed2] epoch  14/100 loss=1.1712 train_acc=0.6040 val_acc=nan
[ref0_seed2] epoch  15/100 loss=1.1484 train_acc=0.5834 val_acc=nan
[ref0_seed2] epoch  16/100 loss=1.0956 train_acc=0.6102 val_acc=nan
[ref0_seed2] epoch  17/100 loss=1.0720 train_acc=0.6278 val_acc=nan
[ref0_seed2] epoch  18/100 loss=1.0521 train_acc=0.6158 val_acc=nan
[ref0_seed2] epoch  19/100 loss=1.0017 train_acc=0.6780 val_acc=nan
[ref0_seed2] epoch  20/100 loss=0.9957 train_acc=0.6591 val_acc=nan
[ref0_seed2] epoch  21/100 loss=0.9674 train_acc=0.6838 val_acc=nan
[ref0_seed2] epoch  22/100 loss=0.9208 train_acc=0.6882 val_acc=nan
[ref0_seed2] epoch  23/100 loss=0.8690 train_acc=0.7061 val_acc=nan
[ref0_seed2] epoch  24/100 loss=0.8902 train_acc=0.6902 val_acc=nan
[ref0_seed2] epoch  25/100 loss=0.8364 train_acc=0.7182 val_acc=nan
[ref0_seed2] epoch  26/100 loss=0.7748 train_acc=0.7035 val_acc=nan
[ref0_seed2] epoch  27/100 loss=0.7758 train_acc=0.7334 val_acc=nan
[ref0_seed2] epoch  28/100 loss=0.7441 train_acc=0.7259 val_acc=nan
[ref0_seed2] epoch  29/100 loss=0.7244 train_acc=0.7408 val_acc=nan
[ref0_seed2] epoch  30/100 loss=0.7198 train_acc=0.7598 val_acc=nan
[ref0_seed2] epoch  31/100 loss=0.6693 train_acc=0.7573 val_acc=nan
[ref0_seed2] epoch  32/100 loss=0.6376 train_acc=0.7694 val_acc=nan
[ref0_seed2] epoch  33/100 loss=0.6540 train_acc=0.8034 val_acc=nan
[ref0_seed2] epoch  34/100 loss=0.6052 train_acc=0.8107 val_acc=nan
[ref0_seed2] epoch  35/100 loss=0.5705 train_acc=0.7848 val_acc=nan
[ref0_seed2] epoch  36/100 loss=0.5499 train_acc=0.8218 val_acc=nan
[ref0_seed2] epoch  37/100 loss=0.5289 train_acc=0.8034 val_acc=nan
[ref0_seed2] epoch  38/100 loss=0.5245 train_acc=0.8394 val_acc=nan
[ref0_seed2] epoch  39/100 loss=0.4792 train_acc=0.9017 val_acc=nan
[ref0_seed2] epoch  40/100 loss=0.4489 train_acc=0.8717 val_acc=nan
[ref0_seed2] epoch  41/100 loss=0.4439 train_acc=0.8765 val_acc=nan
[ref0_seed2] epoch  42/100 loss=0.4321 train_acc=0.8928 val_acc=nan
[ref0_seed2] epoch  43/100 loss=0.4072 train_acc=0.8505 val_acc=nan
[ref0_seed2] epoch  44/100 loss=0.3903 train_acc=0.8633 val_acc=nan
[ref0_seed2] epoch  45/100 loss=0.4307 train_acc=0.8980 val_acc=nan
[ref0_seed2] epoch  46/100 loss=0.3826 train_acc=0.9291 val_acc=nan
[ref0_seed2] epoch  47/100 loss=0.3517 train_acc=0.8803 val_acc=nan
[ref0_seed2] epoch  48/100 loss=0.3559 train_acc=0.9063 val_acc=nan
[ref0_seed2] epoch  49/100 loss=0.3148 train_acc=0.9143 val_acc=nan
[ref0_seed2] epoch  50/100 loss=0.3048 train_acc=0.8054 val_acc=nan
[ref0_seed2] epoch  51/100 loss=0.1397 train_acc=0.9908 val_acc=nan
[ref0_seed2] epoch  52/100 loss=0.0419 train_acc=0.9974 val_acc=nan
[ref0_seed2] epoch  53/100 loss=0.0231 train_acc=0.9992 val_acc=nan
[ref0_seed2] epoch  54/100 loss=0.0150 train_acc=0.9996 val_acc=nan
[ref0_seed2] epoch  55/100 loss=0.0110 train_acc=0.9997 val_acc=nan
[ref0_seed2] epoch  56/100 loss=0.0088 train_acc=0.9998 val_acc=nan
[ref0_seed2] epoch  57/100 loss=0.0076 train_acc=0.9998 val_acc=nan
[ref0_seed2] epoch  58/100 loss=0.0067 train_acc=0.9999 val_acc=nan
[ref0_seed2] epoch  59/100 loss=0.0061 train_acc=0.9999 val_acc=nan
[ref0_seed2] epoch  60/100 loss=0.0058 train_acc=0.9999 val_acc=nan
[ref0_seed2] epoch  61/100 loss=0.0054 train_acc=1.0000 val_acc=nan
[ref0_seed2] epoch  62/100 loss=0.0052 train_acc=1.0000 val_acc=nan
[ref0_seed2] epoch  63/100 loss=0.0051 train_acc=1.0000 val_acc=nan
[ref0_seed2] epoch  64/100 loss=0.0050 train_acc=1.0000 val_acc=nan
[ref0_seed2] epoch  65/100 loss=0.0049 train_acc=1.0000 val_acc=nan
[ref0_seed2] epoch  66/100 loss=0.0049 train_acc=1.0000 val_acc=nan
[ref0_seed2] epoch  67/100 loss=0.0049 train_acc=1.0000 val_acc=nan
[ref0_seed2] epoch  68/100 loss=0.0049 train_acc=1.0000 val_acc=nan
[ref0_seed2] epoch  69/100 loss=0.0049 train_acc=1.0000 val_acc=nan
[ref0_seed2] epoch  70/100 loss=0.0049 train_acc=1.0000 val_acc=nan
[ref0_seed2] epoch  71/100 loss=0.0049 train_acc=1.0000 val_acc=nan
[ref0_seed2] epoch  72/100 loss=0.0049 train_acc=1.0000 val_acc=nan
[ref0_seed2] epoch  73/100 loss=0.0049 train_acc=1.0000 val_acc=nan
[ref0_seed2] epoch  74/100 loss=0.0049 train_acc=1.0000 val_acc=nan
[ref0_seed2] epoch  75/100 loss=0.0049 train_acc=1.0000 val_acc=nan
[ref0_seed2] epoch  76/100 loss=0.0047 train_acc=1.0000 val_acc=nan
[ref0_seed2] epoch  77/100 loss=0.0046 train_acc=1.0000 val_acc=nan
[ref0_seed2] epoch  78/100 loss=0.0046 train_acc=1.0000 val_acc=nan
[ref0_seed2] epoch  79/100 loss=0.0046 train_acc=1.0000 val_acc=nan
[ref0_seed2] epoch  80/100 loss=0.0046 train_acc=1.0000 val_acc=nan
[ref0_seed2] epoch  81/100 loss=0.0047 train_acc=1.0000 val_acc=nan
[ref0_seed2] epoch  82/100 loss=0.0047 train_acc=1.0000 val_acc=nan
[ref0_seed2] epoch  83/100 loss=0.0047 train_acc=1.0000 val_acc=nan
[ref0_seed2] epoch  84/100 loss=0.0047 train_acc=1.0000 val_acc=nan
[ref0_seed2] epoch  85/100 loss=0.0047 train_acc=1.0000 val_acc=nan
[ref0_seed2] epoch  86/100 loss=0.0047 train_acc=1.0000 val_acc=nan
[ref0_seed2] epoch  87/100 loss=0.0047 train_acc=1.0000 val_acc=nan
[ref0_seed2] epoch  88/100 loss=0.0047 train_acc=1.0000 val_acc=nan
[ref0_seed2] epoch  89/100 loss=0.0047 train_acc=1.0000 val_acc=nan
[ref0_seed2] epoch  90/100 loss=0.0047 train_acc=1.0000 val_acc=nan
[ref0_seed2] epoch  91/100 loss=0.0047 train_acc=1.0000 val_acc=nan
[ref0_seed2] epoch  92/100 loss=0.0047 train_acc=1.0000 val_acc=nan
[ref0_seed2] epoch  93/100 loss=0.0047 train_acc=1.0000 val_acc=nan
[ref0_seed2] epoch  94/100 loss=0.0047 train_acc=1.0000 val_acc=nan
[ref0_seed2] epoch  95/100 loss=0.0047 train_acc=1.0000 val_acc=nan
[ref0_seed2] epoch  96/100 loss=0.0047 train_acc=1.0000 val_acc=nan
[ref0_seed2] epoch  97/100 loss=0.0047 train_acc=1.0000 val_acc=nan
[ref0_seed2] epoch  98/100 loss=0.0048 train_acc=1.0000 val_acc=nan
[ref0_seed2] epoch  99/100 loss=0.0048 train_acc=1.0000 val_acc=nan
[ref0_seed2] epoch 100/100 loss=0.0048 train_acc=1.0000 val_acc=nan
[ref1_seed2] epoch   1/100 loss=2.2073 train_acc=0.3505 val_acc=nan
[ref1_seed2] epoch   2/100 loss=2.0577 train_acc=0.3078 val_acc=nan
[ref1_seed2] epoch   3/100 loss=1.7811 train_acc=0.3910 val_acc=nan
[ref1_seed2] epoch   4/100 loss=1.6927 train_acc=0.3807 val_acc=nan
[ref1_seed2] epoch   5/100 loss=1.5712 train_acc=0.4046 val_acc=nan
[ref1_seed2] epoch   6/100 loss=1.5037 train_acc=0.4462 val_acc=nan
[ref1_seed2] epoch   7/100 loss=1.4490 train_acc=0.4614 val_acc=nan
[ref1_seed2] epoch   8/100 loss=1.3839 train_acc=0.5088 val_acc=nan
[ref1_seed2] epoch   9/100 loss=1.3418 train_acc=0.4958 val_acc=nan
[ref1_seed2] epoch  10/100 loss=1.3066 train_acc=0.5447 val_acc=nan
[ref1_seed2] epoch  11/100 loss=1.2415 train_acc=0.5734 val_acc=nan
[ref1_seed2] epoch  12/100 loss=1.1733 train_acc=0.5827 val_acc=nan
[ref1_seed2] epoch  13/100 loss=1.1316 train_acc=0.5934 val_acc=nan
[ref1_seed2] epoch  14/100 loss=1.0989 train_acc=0.6402 val_acc=nan
[ref1_seed2] epoch  15/100 loss=1.0440 train_acc=0.6284 val_acc=nan
[ref1_seed2] epoch  16/100 loss=0.9826 train_acc=0.6858 val_acc=nan
[ref1_seed2] epoch  17/100 loss=0.9434 train_acc=0.6427 val_acc=nan
[ref1_seed2] epoch  18/100 loss=0.8937 train_acc=0.7114 val_acc=nan
[ref1_seed2] epoch  19/100 loss=0.8612 train_acc=0.6981 val_acc=nan
[ref1_seed2] epoch  20/100 loss=0.8245 train_acc=0.7251 val_acc=nan
[ref1_seed2] epoch  21/100 loss=0.7638 train_acc=0.7347 val_acc=nan
[ref1_seed2] epoch  22/100 loss=0.7544 train_acc=0.7746 val_acc=nan
[ref1_seed2] epoch  23/100 loss=0.7392 train_acc=0.7467 val_acc=nan
[ref1_seed2] epoch  24/100 loss=0.6749 train_acc=0.8033 val_acc=nan
[ref1_seed2] epoch  25/100 loss=0.6625 train_acc=0.7693 val_acc=nan
[ref1_seed2] epoch  26/100 loss=0.6269 train_acc=0.8217 val_acc=nan
[ref1_seed2] epoch  27/100 loss=0.5913 train_acc=0.8420 val_acc=nan
[ref1_seed2] epoch  28/100 loss=0.5327 train_acc=0.8241 val_acc=nan
[ref1_seed2] epoch  29/100 loss=0.5392 train_acc=0.7821 val_acc=nan
[ref1_seed2] epoch  30/100 loss=0.5067 train_acc=0.8355 val_acc=nan
[ref1_seed2] epoch  31/100 loss=0.4836 train_acc=0.8622 val_acc=nan
[ref1_seed2] epoch  32/100 loss=0.4764 train_acc=0.8142 val_acc=nan
[ref1_seed2] epoch  33/100 loss=0.4149 train_acc=0.8514 val_acc=nan
[ref1_seed2] epoch  34/100 loss=0.4127 train_acc=0.8448 val_acc=nan
[ref1_seed2] epoch  35/100 loss=0.3849 train_acc=0.8392 val_acc=nan
[ref1_seed2] epoch  36/100 loss=0.3592 train_acc=0.8991 val_acc=nan
[ref1_seed2] epoch  37/100 loss=0.3620 train_acc=0.8821 val_acc=nan
[ref1_seed2] epoch  38/100 loss=0.3558 train_acc=0.9236 val_acc=nan
[ref1_seed2] epoch  39/100 loss=0.3212 train_acc=0.9010 val_acc=nan
[ref1_seed2] epoch  40/100 loss=0.2942 train_acc=0.9311 val_acc=nan
[ref1_seed2] epoch  41/100 loss=0.3302 train_acc=0.9096 val_acc=nan
[ref1_seed2] epoch  42/100 loss=0.2955 train_acc=0.8825 val_acc=nan
[ref1_seed2] epoch  43/100 loss=0.2995 train_acc=0.9258 val_acc=nan
[ref1_seed2] epoch  44/100 loss=0.2548 train_acc=0.9367 val_acc=nan
[ref1_seed2] epoch  45/100 loss=0.2672 train_acc=0.9375 val_acc=nan
[ref1_seed2] epoch  46/100 loss=0.2349 train_acc=0.9206 val_acc=nan
[ref1_seed2] epoch  47/100 loss=0.2408 train_acc=0.9528 val_acc=nan
[ref1_seed2] epoch  48/100 loss=0.2172 train_acc=0.9550 val_acc=nan
[ref1_seed2] epoch  49/100 loss=0.2558 train_acc=0.9410 val_acc=nan
[ref1_seed2] epoch  50/100 loss=0.2242 train_acc=0.9252 val_acc=nan
[ref1_seed2] epoch  51/100 loss=0.0701 train_acc=0.9978 val_acc=nan
[ref1_seed2] epoch  52/100 loss=0.0203 train_acc=0.9994 val_acc=nan
[ref1_seed2] epoch  53/100 loss=0.0117 train_acc=0.9998 val_acc=nan
[ref1_seed2] epoch  54/100 loss=0.0084 train_acc=0.9999 val_acc=nan
[ref1_seed2] epoch  55/100 loss=0.0068 train_acc=0.9999 val_acc=nan
[ref1_seed2] epoch  56/100 loss=0.0058 train_acc=0.9999 val_acc=nan
[ref1_seed2] epoch  57/100 loss=0.0052 train_acc=1.0000 val_acc=nan
[ref1_seed2] epoch  58/100 loss=0.0049 train_acc=0.9999 val_acc=nan
[ref1_seed2] epoch  59/100 loss=0.0046 train_acc=1.0000 val_acc=nan
[ref1_seed2] epoch  60/100 loss=0.0044 train_acc=1.0000 val_acc=nan
[ref1_seed2] epoch  61/100 loss=0.0043 train_acc=1.0000 val_acc=nan
[ref1_seed2] epoch  62/100 loss=0.0042 train_acc=1.0000 val_acc=nan
[ref1_seed2] epoch  63/100 loss=0.0042 train_acc=1.0000 val_acc=nan
[ref1_seed2] epoch  64/100 loss=0.0041 train_acc=1.0000 val_acc=nan
[ref1_seed2] epoch  65/100 loss=0.0041 train_acc=1.0000 val_acc=nan
[ref1_seed2] epoch  66/100 loss=0.0041 train_acc=1.0000 val_acc=nan
[ref1_seed2] epoch  67/100 loss=0.0041 train_acc=1.0000 val_acc=nan
[ref1_seed2] epoch  68/100 loss=0.0041 train_acc=1.0000 val_acc=nan
[ref1_seed2] epoch  69/100 loss=0.0041 train_acc=1.0000 val_acc=nan
[ref1_seed2] epoch  70/100 loss=0.0041 train_acc=1.0000 val_acc=nan
[ref1_seed2] epoch  71/100 loss=0.0042 train_acc=1.0000 val_acc=nan
[ref1_seed2] epoch  72/100 loss=0.0042 train_acc=1.0000 val_acc=nan
[ref1_seed2] epoch  73/100 loss=0.0042 train_acc=1.0000 val_acc=nan
[ref1_seed2] epoch  74/100 loss=0.0042 train_acc=1.0000 val_acc=nan
[ref1_seed2] epoch  75/100 loss=0.0042 train_acc=1.0000 val_acc=nan
[ref1_seed2] epoch  76/100 loss=0.0041 train_acc=1.0000 val_acc=nan
[ref1_seed2] epoch  77/100 loss=0.0041 train_acc=1.0000 val_acc=nan
[ref1_seed2] epoch  78/100 loss=0.0041 train_acc=1.0000 val_acc=nan
[ref1_seed2] epoch  79/100 loss=0.0041 train_acc=1.0000 val_acc=nan
[ref1_seed2] epoch  80/100 loss=0.0041 train_acc=1.0000 val_acc=nan
[ref1_seed2] epoch  81/100 loss=0.0041 train_acc=1.0000 val_acc=nan
[ref1_seed2] epoch  82/100 loss=0.0041 train_acc=1.0000 val_acc=nan
[ref1_seed2] epoch  83/100 loss=0.0041 train_acc=1.0000 val_acc=nan
[ref1_seed2] epoch  84/100 loss=0.0041 train_acc=1.0000 val_acc=nan
[ref1_seed2] epoch  85/100 loss=0.0041 train_acc=1.0000 val_acc=nan
[ref1_seed2] epoch  86/100 loss=0.0041 train_acc=1.0000 val_acc=nan
[ref1_seed2] epoch  87/100 loss=0.0041 train_acc=1.0000 val_acc=nan
[ref1_seed2] epoch  88/100 loss=0.0041 train_acc=1.0000 val_acc=nan
[ref1_seed2] epoch  89/100 loss=0.0041 train_acc=1.0000 val_acc=nan
[ref1_seed2] epoch  90/100 loss=0.0041 train_acc=1.0000 val_acc=nan
[ref1_seed2] epoch  91/100 loss=0.0041 train_acc=1.0000 val_acc=nan
[ref1_seed2] epoch  92/100 loss=0.0042 train_acc=1.0000 val_acc=nan
[ref1_seed2] epoch  93/100 loss=0.0042 train_acc=1.0000 val_acc=nan
[ref1_seed2] epoch  94/100 loss=0.0042 train_acc=1.0000 val_acc=nan
[ref1_seed2] epoch  95/100 loss=0.0042 train_acc=1.0000 val_acc=nan
[ref1_seed2] epoch  96/100 loss=0.0042 train_acc=1.0000 val_acc=nan
[ref1_seed2] epoch  97/100 loss=0.0042 train_acc=1.0000 val_acc=nan
[ref1_seed2] epoch  98/100 loss=0.0042 train_acc=1.0000 val_acc=nan
[ref1_seed2] epoch  99/100 loss=0.0042 train_acc=1.0000 val_acc=nan
[ref1_seed2] epoch 100/100 loss=0.0042 train_acc=1.0000 val_acc=nan
[ref2_seed2] epoch   1/100 loss=2.6588 train_acc=0.3098 val_acc=nan
[ref2_seed2] epoch   2/100 loss=1.8748 train_acc=0.3377 val_acc=nan
[ref2_seed2] epoch   3/100 loss=1.7422 train_acc=0.3698 val_acc=nan
[ref2_seed2] epoch   4/100 loss=1.6283 train_acc=0.3925 val_acc=nan
[ref2_seed2] epoch   5/100 loss=1.5451 train_acc=0.4554 val_acc=nan
[ref2_seed2] epoch   6/100 loss=1.4699 train_acc=0.4550 val_acc=nan
[ref2_seed2] epoch   7/100 loss=1.4316 train_acc=0.4961 val_acc=nan
[ref2_seed2] epoch   8/100 loss=1.3914 train_acc=0.4736 val_acc=nan
[ref2_seed2] epoch   9/100 loss=1.3524 train_acc=0.5184 val_acc=nan
[ref2_seed2] epoch  10/100 loss=1.3198 train_acc=0.5539 val_acc=nan
[ref2_seed2] epoch  11/100 loss=1.2700 train_acc=0.5604 val_acc=nan
[ref2_seed2] epoch  12/100 loss=1.2221 train_acc=0.5545 val_acc=nan
[ref2_seed2] epoch  13/100 loss=1.1959 train_acc=0.5952 val_acc=nan
[ref2_seed2] epoch  14/100 loss=1.1699 train_acc=0.5878 val_acc=nan
[ref2_seed2] epoch  15/100 loss=1.1294 train_acc=0.6338 val_acc=nan
[ref2_seed2] epoch  16/100 loss=1.0811 train_acc=0.6128 val_acc=nan
[ref2_seed2] epoch  17/100 loss=1.0449 train_acc=0.6446 val_acc=nan
[ref2_seed2] epoch  18/100 loss=1.0067 train_acc=0.6755 val_acc=nan
[ref2_seed2] epoch  19/100 loss=0.9632 train_acc=0.6784 val_acc=nan
[ref2_seed2] epoch  20/100 loss=0.9681 train_acc=0.6922 val_acc=nan
[ref2_seed2] epoch  21/100 loss=0.9113 train_acc=0.7210 val_acc=nan
[ref2_seed2] epoch  22/100 loss=0.8515 train_acc=0.7373 val_acc=nan
[ref2_seed2] epoch  23/100 loss=0.8074 train_acc=0.7414 val_acc=nan
[ref2_seed2] epoch  24/100 loss=0.7648 train_acc=0.7577 val_acc=nan
[ref2_seed2] epoch  25/100 loss=0.7307 train_acc=0.7481 val_acc=nan
[ref2_seed2] epoch  26/100 loss=0.6859 train_acc=0.7886 val_acc=nan
[ref2_seed2] epoch  27/100 loss=0.6486 train_acc=0.7508 val_acc=nan
[ref2_seed2] epoch  28/100 loss=0.6167 train_acc=0.7794 val_acc=nan
[ref2_seed2] epoch  29/100 loss=0.6109 train_acc=0.8350 val_acc=nan
[ref2_seed2] epoch  30/100 loss=0.5296 train_acc=0.8434 val_acc=nan
[ref2_seed2] epoch  31/100 loss=0.5149 train_acc=0.8374 val_acc=nan
[ref2_seed2] epoch  32/100 loss=0.5112 train_acc=0.8490 val_acc=nan
[ref2_seed2] epoch  33/100 loss=0.4540 train_acc=0.8606 val_acc=nan
[ref2_seed2] epoch  34/100 loss=0.4255 train_acc=0.8901 val_acc=nan
[ref2_seed2] epoch  35/100 loss=0.4252 train_acc=0.9067 val_acc=nan
[ref2_seed2] epoch  36/100 loss=0.3554 train_acc=0.9179 val_acc=nan
[ref2_seed2] epoch  37/100 loss=0.3681 train_acc=0.8903 val_acc=nan
[ref2_seed2] epoch  38/100 loss=0.3509 train_acc=0.9104 val_acc=nan
[ref2_seed2] epoch  39/100 loss=0.2996 train_acc=0.9341 val_acc=nan
[ref2_seed2] epoch  40/100 loss=0.3189 train_acc=0.9137 val_acc=nan
[ref2_seed2] epoch  41/100 loss=0.3134 train_acc=0.9302 val_acc=nan
[ref2_seed2] epoch  42/100 loss=0.2802 train_acc=0.9464 val_acc=nan
[ref2_seed2] epoch  43/100 loss=0.2622 train_acc=0.9320 val_acc=nan
[ref2_seed2] epoch  44/100 loss=0.2586 train_acc=0.9242 val_acc=nan
[ref2_seed2] epoch  45/100 loss=0.2857 train_acc=0.9390 val_acc=nan
[ref2_seed2] epoch  46/100 loss=0.2338 train_acc=0.9274 val_acc=nan
[ref2_seed2] epoch  47/100 loss=0.2970 train_acc=0.9272 val_acc=nan
[ref2_seed2] epoch  48/100 loss=0.2271 train_acc=0.9342 val_acc=nan
[ref2_seed2] epoch  49/100 loss=0.2454 train_acc=0.9469 val_acc=nan
[ref2_seed2] epoch  50/100 loss=0.2228 train_acc=0.9139 val_acc=nan
[ref2_seed2] epoch  51/100 loss=0.0709 train_acc=0.9992 val_acc=nan
[ref2_seed2] epoch  52/100 loss=0.0162 train_acc=1.0000 val_acc=nan
[ref2_seed2] epoch  53/100 loss=0.0093 train_acc=1.0000 val_acc=nan
[ref2_seed2] epoch  54/100 loss=0.0070 train_acc=1.0000 val_acc=nan
[ref2_seed2] epoch  55/100 loss=0.0059 train_acc=1.0000 val_acc=nan
[ref2_seed2] epoch  56/100 loss=0.0052 train_acc=1.0000 val_acc=nan
[ref2_seed2] epoch  57/100 loss=0.0048 train_acc=1.0000 val_acc=nan
[ref2_seed2] epoch  58/100 loss=0.0046 train_acc=1.0000 val_acc=nan
[ref2_seed2] epoch  59/100 loss=0.0044 train_acc=1.0000 val_acc=nan
[ref2_seed2] epoch  60/100 loss=0.0043 train_acc=1.0000 val_acc=nan
[ref2_seed2] epoch  61/100 loss=0.0043 train_acc=1.0000 val_acc=nan
[ref2_seed2] epoch  62/100 loss=0.0043 train_acc=1.0000 val_acc=nan
[ref2_seed2] epoch  63/100 loss=0.0043 train_acc=1.0000 val_acc=nan
[ref2_seed2] epoch  64/100 loss=0.0043 train_acc=1.0000 val_acc=nan
[ref2_seed2] epoch  65/100 loss=0.0043 train_acc=1.0000 val_acc=nan
[ref2_seed2] epoch  66/100 loss=0.0043 train_acc=1.0000 val_acc=nan
[ref2_seed2] epoch  67/100 loss=0.0043 train_acc=1.0000 val_acc=nan
[ref2_seed2] epoch  68/100 loss=0.0043 train_acc=1.0000 val_acc=nan
[ref2_seed2] epoch  69/100 loss=0.0044 train_acc=1.0000 val_acc=nan
[ref2_seed2] epoch  70/100 loss=0.0044 train_acc=1.0000 val_acc=nan
[ref2_seed2] epoch  71/100 loss=0.0044 train_acc=1.0000 val_acc=nan
[ref2_seed2] epoch  72/100 loss=0.0044 train_acc=1.0000 val_acc=nan
[ref2_seed2] epoch  73/100 loss=0.0045 train_acc=1.0000 val_acc=nan
[ref2_seed2] epoch  74/100 loss=0.0045 train_acc=1.0000 val_acc=nan
[ref2_seed2] epoch  75/100 loss=0.0045 train_acc=1.0000 val_acc=nan
[ref2_seed2] epoch  76/100 loss=0.0044 train_acc=1.0000 val_acc=nan
[ref2_seed2] epoch  77/100 loss=0.0044 train_acc=1.0000 val_acc=nan
[ref2_seed2] epoch  78/100 loss=0.0044 train_acc=1.0000 val_acc=nan
[ref2_seed2] epoch  79/100 loss=0.0044 train_acc=1.0000 val_acc=nan
[ref2_seed2] epoch  80/100 loss=0.0044 train_acc=1.0000 val_acc=nan
[ref2_seed2] epoch  81/100 loss=0.0044 train_acc=1.0000 val_acc=nan
[ref2_seed2] epoch  82/100 loss=0.0044 train_acc=1.0000 val_acc=nan
[ref2_seed2] epoch  83/100 loss=0.0044 train_acc=1.0000 val_acc=nan
[ref2_seed2] epoch  84/100 loss=0.0044 train_acc=1.0000 val_acc=nan
[ref2_seed2] epoch  85/100 loss=0.0044 train_acc=1.0000 val_acc=nan
[ref2_seed2] epoch  86/100 loss=0.0044 train_acc=1.0000 val_acc=nan
[ref2_seed2] epoch  87/100 loss=0.0044 train_acc=1.0000 val_acc=nan
[ref2_seed2] epoch  88/100 loss=0.0044 train_acc=1.0000 val_acc=nan
[ref2_seed2] epoch  89/100 loss=0.0044 train_acc=1.0000 val_acc=nan
[ref2_seed2] epoch  90/100 loss=0.0044 train_acc=1.0000 val_acc=nan
[ref2_seed2] epoch  91/100 loss=0.0045 train_acc=1.0000 val_acc=nan
[ref2_seed2] epoch  92/100 loss=0.0045 train_acc=1.0000 val_acc=nan
[ref2_seed2] epoch  93/100 loss=0.0045 train_acc=1.0000 val_acc=nan
[ref2_seed2] epoch  94/100 loss=0.0045 train_acc=1.0000 val_acc=nan
[ref2_seed2] epoch  95/100 loss=0.0045 train_acc=1.0000 val_acc=nan
[ref2_seed2] epoch  96/100 loss=0.0045 train_acc=1.0000 val_acc=nan
[ref2_seed2] epoch  97/100 loss=0.0045 train_acc=1.0000 val_acc=nan
[ref2_seed2] epoch  98/100 loss=0.0045 train_acc=1.0000 val_acc=nan
[ref2_seed2] epoch  99/100 loss=0.0045 train_acc=1.0000 val_acc=nan
[ref2_seed2] epoch 100/100 loss=0.0045 train_acc=1.0000 val_acc=nan
[ref3_seed2] epoch   1/100 loss=2.2356 train_acc=0.2947 val_acc=nan
[ref3_seed2] epoch   2/100 loss=1.9552 train_acc=0.3323 val_acc=nan
[ref3_seed2] epoch   3/100 loss=1.7337 train_acc=0.3697 val_acc=nan
[ref3_seed2] epoch   4/100 loss=1.6241 train_acc=0.4325 val_acc=nan
[ref3_seed2] epoch   5/100 loss=1.5286 train_acc=0.4510 val_acc=nan
[ref3_seed2] epoch   6/100 loss=1.4505 train_acc=0.4906 val_acc=nan
[ref3_seed2] epoch   7/100 loss=1.3916 train_acc=0.4961 val_acc=nan
[ref3_seed2] epoch   8/100 loss=1.3291 train_acc=0.5100 val_acc=nan
[ref3_seed2] epoch   9/100 loss=1.3005 train_acc=0.5585 val_acc=nan
[ref3_seed2] epoch  10/100 loss=1.2472 train_acc=0.5878 val_acc=nan
[ref3_seed2] epoch  11/100 loss=1.1937 train_acc=0.6138 val_acc=nan
[ref3_seed2] epoch  12/100 loss=1.1254 train_acc=0.6181 val_acc=nan
[ref3_seed2] epoch  13/100 loss=1.0974 train_acc=0.6219 val_acc=nan
[ref3_seed2] epoch  14/100 loss=1.0568 train_acc=0.6318 val_acc=nan
[ref3_seed2] epoch  15/100 loss=1.0169 train_acc=0.6666 val_acc=nan
[ref3_seed2] epoch  16/100 loss=0.9741 train_acc=0.7013 val_acc=nan
[ref3_seed2] epoch  17/100 loss=0.9258 train_acc=0.6821 val_acc=nan
[ref3_seed2] epoch  18/100 loss=0.9042 train_acc=0.7153 val_acc=nan
[ref3_seed2] epoch  19/100 loss=0.8388 train_acc=0.7263 val_acc=nan
[ref3_seed2] epoch  20/100 loss=0.8166 train_acc=0.7685 val_acc=nan
[ref3_seed2] epoch  21/100 loss=0.7603 train_acc=0.7485 val_acc=nan
[ref3_seed2] epoch  22/100 loss=0.7435 train_acc=0.7635 val_acc=nan
[ref3_seed2] epoch  23/100 loss=0.6999 train_acc=0.8114 val_acc=nan
[ref3_seed2] epoch  24/100 loss=0.6905 train_acc=0.8072 val_acc=nan
[ref3_seed2] epoch  25/100 loss=0.6348 train_acc=0.8071 val_acc=nan
[ref3_seed2] epoch  26/100 loss=0.5613 train_acc=0.8121 val_acc=nan
[ref3_seed2] epoch  27/100 loss=0.5351 train_acc=0.8390 val_acc=nan
[ref3_seed2] epoch  28/100 loss=0.5307 train_acc=0.8539 val_acc=nan
[ref3_seed2] epoch  29/100 loss=0.4962 train_acc=0.8594 val_acc=nan
[ref3_seed2] epoch  30/100 loss=0.4974 train_acc=0.8614 val_acc=nan
[ref3_seed2] epoch  31/100 loss=0.4371 train_acc=0.8726 val_acc=nan
[ref3_seed2] epoch  32/100 loss=0.4069 train_acc=0.8973 val_acc=nan
[ref3_seed2] epoch  33/100 loss=0.3987 train_acc=0.9138 val_acc=nan
[ref3_seed2] epoch  34/100 loss=0.3728 train_acc=0.8379 val_acc=nan
[ref3_seed2] epoch  35/100 loss=0.3854 train_acc=0.9137 val_acc=nan
[ref3_seed2] epoch  36/100 loss=0.3654 train_acc=0.8920 val_acc=nan
[ref3_seed2] epoch  37/100 loss=0.3346 train_acc=0.8796 val_acc=nan
[ref3_seed2] epoch  38/100 loss=0.3225 train_acc=0.8873 val_acc=nan
[ref3_seed2] epoch  39/100 loss=0.3176 train_acc=0.9282 val_acc=nan
[ref3_seed2] epoch  40/100 loss=0.2783 train_acc=0.9197 val_acc=nan
[ref3_seed2] epoch  41/100 loss=0.2759 train_acc=0.9306 val_acc=nan
[ref3_seed2] epoch  42/100 loss=0.2507 train_acc=0.9186 val_acc=nan
[ref3_seed2] epoch  43/100 loss=0.2678 train_acc=0.9570 val_acc=nan
[ref3_seed2] epoch  44/100 loss=0.2195 train_acc=0.8864 val_acc=nan
[ref3_seed2] epoch  45/100 loss=0.2300 train_acc=0.9360 val_acc=nan
[ref3_seed2] epoch  46/100 loss=0.2540 train_acc=0.9335 val_acc=nan
[ref3_seed2] epoch  47/100 loss=0.2071 train_acc=0.9311 val_acc=nan
[ref3_seed2] epoch  48/100 loss=0.2270 train_acc=0.9436 val_acc=nan
[ref3_seed2] epoch  49/100 loss=0.2124 train_acc=0.9274 val_acc=nan
[ref3_seed2] epoch  50/100 loss=0.2390 train_acc=0.9415 val_acc=nan
[ref3_seed2] epoch  51/100 loss=0.0710 train_acc=0.9978 val_acc=nan
[ref3_seed2] epoch  52/100 loss=0.0203 train_acc=0.9996 val_acc=nan
[ref3_seed2] epoch  53/100 loss=0.0116 train_acc=0.9998 val_acc=nan
[ref3_seed2] epoch  54/100 loss=0.0084 train_acc=0.9998 val_acc=nan
[ref3_seed2] epoch  55/100 loss=0.0068 train_acc=0.9998 val_acc=nan
[ref3_seed2] epoch  56/100 loss=0.0058 train_acc=0.9998 val_acc=nan
[ref3_seed2] epoch  57/100 loss=0.0053 train_acc=1.0000 val_acc=nan
[ref3_seed2] epoch  58/100 loss=0.0049 train_acc=1.0000 val_acc=nan
[ref3_seed2] epoch  59/100 loss=0.0047 train_acc=1.0000 val_acc=nan
[ref3_seed2] epoch  60/100 loss=0.0045 train_acc=1.0000 val_acc=nan
[ref3_seed2] epoch  61/100 loss=0.0044 train_acc=1.0000 val_acc=nan
[ref3_seed2] epoch  62/100 loss=0.0043 train_acc=1.0000 val_acc=nan
[ref3_seed2] epoch  63/100 loss=0.0043 train_acc=1.0000 val_acc=nan
[ref3_seed2] epoch  64/100 loss=0.0043 train_acc=1.0000 val_acc=nan
[ref3_seed2] epoch  65/100 loss=0.0043 train_acc=1.0000 val_acc=nan
[ref3_seed2] epoch  66/100 loss=0.0042 train_acc=1.0000 val_acc=nan
[ref3_seed2] epoch  67/100 loss=0.0043 train_acc=1.0000 val_acc=nan
[ref3_seed2] epoch  68/100 loss=0.0043 train_acc=1.0000 val_acc=nan
[ref3_seed2] epoch  69/100 loss=0.0043 train_acc=1.0000 val_acc=nan
[ref3_seed2] epoch  70/100 loss=0.0043 train_acc=1.0000 val_acc=nan
[ref3_seed2] epoch  71/100 loss=0.0043 train_acc=1.0000 val_acc=nan
[ref3_seed2] epoch  72/100 loss=0.0043 train_acc=1.0000 val_acc=nan
[ref3_seed2] epoch  73/100 loss=0.0044 train_acc=1.0000 val_acc=nan
[ref3_seed2] epoch  74/100 loss=0.0044 train_acc=1.0000 val_acc=nan
[ref3_seed2] epoch  75/100 loss=0.0044 train_acc=1.0000 val_acc=nan
[ref3_seed2] epoch  76/100 loss=0.0043 train_acc=1.0000 val_acc=nan
[ref3_seed2] epoch  77/100 loss=0.0043 train_acc=1.0000 val_acc=nan
[ref3_seed2] epoch  78/100 loss=0.0043 train_acc=1.0000 val_acc=nan
[ref3_seed2] epoch  79/100 loss=0.0043 train_acc=1.0000 val_acc=nan
[ref3_seed2] epoch  80/100 loss=0.0043 train_acc=1.0000 val_acc=nan
[ref3_seed2] epoch  81/100 loss=0.0043 train_acc=1.0000 val_acc=nan
[ref3_seed2] epoch  82/100 loss=0.0043 train_acc=1.0000 val_acc=nan
[ref3_seed2] epoch  83/100 loss=0.0043 train_acc=1.0000 val_acc=nan
[ref3_seed2] epoch  84/100 loss=0.0043 train_acc=1.0000 val_acc=nan
[ref3_seed2] epoch  85/100 loss=0.0043 train_acc=1.0000 val_acc=nan
[ref3_seed2] epoch  86/100 loss=0.0043 train_acc=1.0000 val_acc=nan
[ref3_seed2] epoch  87/100 loss=0.0043 train_acc=1.0000 val_acc=nan
[ref3_seed2] epoch  88/100 loss=0.0043 train_acc=1.0000 val_acc=nan
[ref3_seed2] epoch  89/100 loss=0.0043 train_acc=1.0000 val_acc=nan
[ref3_seed2] epoch  90/100 loss=0.0043 train_acc=1.0000 val_acc=nan
[ref3_seed2] epoch  91/100 loss=0.0043 train_acc=1.0000 val_acc=nan
[ref3_seed2] epoch  92/100 loss=0.0043 train_acc=1.0000 val_acc=nan
[ref3_seed2] epoch  93/100 loss=0.0044 train_acc=1.0000 val_acc=nan
[ref3_seed2] epoch  94/100 loss=0.0044 train_acc=1.0000 val_acc=nan
[ref3_seed2] epoch  95/100 loss=0.0044 train_acc=1.0000 val_acc=nan
[ref3_seed2] epoch  96/100 loss=0.0044 train_acc=1.0000 val_acc=nan
[ref3_seed2] epoch  97/100 loss=0.0044 train_acc=1.0000 val_acc=nan
[ref3_seed2] epoch  98/100 loss=0.0044 train_acc=1.0000 val_acc=nan
[ref3_seed2] epoch  99/100 loss=0.0044 train_acc=1.0000 val_acc=nan
[ref3_seed2] epoch 100/100 loss=0.0044 train_acc=1.0000 val_acc=nan
[done] bundles for seed 2 at /mnt/data/mia_benchmark_4090/repo/benchmark/bundles/cifar10/seed2

======================================================================
[stage] clean_attacks
======================================================================
/mnt/data/mia_benchmark_4090/repo/benchmark/bmk/attacks.py:176: RuntimeWarning: Mean of empty slice
  mean = np.nanmean(out_logit, axis=1)
/mnt/data/mia_benchmark_4090/repo/benchmark/bmk/attacks.py:177: RuntimeWarning: Degrees of freedom <= 0 for slice.
  var = np.nanvar(out_logit, axis=1)
/mnt/data/mia_benchmark_4090/repo/benchmark/bmk/attacks.py:176: RuntimeWarning: Mean of empty slice
  mean = np.nanmean(out_logit, axis=1)
/mnt/data/mia_benchmark_4090/repo/benchmark/bmk/attacks.py:177: RuntimeWarning: Degrees of freedom <= 0 for slice.
  var = np.nanvar(out_logit, axis=1)
/mnt/data/mia_benchmark_4090/repo/benchmark/bmk/attacks.py:176: RuntimeWarning: Mean of empty slice
  mean = np.nanmean(out_logit, axis=1)
/mnt/data/mia_benchmark_4090/repo/benchmark/bmk/attacks.py:177: RuntimeWarning: Degrees of freedom <= 0 for slice.
  var = np.nanvar(out_logit, axis=1)
[attack] LossAttack               AUROC=0.7454 Acc=0.6724 TPR@1%=0.0000
[attack] CorrectnessAttack        AUROC=0.6897 Acc=0.6897 TPR@1%=0.0000
[attack] ConfidenceAttack         AUROC=0.7554 Acc=0.7554 TPR@1%=0.0000
[attack] EntropyAttack            AUROC=0.6813 Acc=0.6813 TPR@1%=0.0000
[attack] ModifiedEntropyAttack    AUROC=0.7564 Acc=0.7564 TPR@1%=0.0000
[attack] ShadowBasedAttack        AUROC=0.7911 Acc=0.7519 TPR@1%=0.0448
[attack] LiRAAttack               AUROC=0.6279 Acc=0.4999 TPR@1%=0.0206
[attack] RMIAAttack               AUROC=0.7971 Acc=0.6273 TPR@1%=0.1115
[attack] QMIAAttack               AUROC=0.6548 Acc=0.6119 TPR@1%=0.0138
[attack] RAPIDAttack              AUROC=0.8419 Acc=0.7633 TPR@1%=0.1188
[attack] LossAttack               AUROC=0.6962 Acc=0.6355 TPR@1%=0.0000
[attack] CorrectnessAttack        AUROC=0.6560 Acc=0.656 TPR@1%=0.0000
[attack] ConfidenceAttack         AUROC=0.7190 Acc=0.719 TPR@1%=0.0000
[attack] EntropyAttack            AUROC=0.6635 Acc=0.6635 TPR@1%=0.0000
[attack] ModifiedEntropyAttack    AUROC=0.7190 Acc=0.719 TPR@1%=0.0000
[attack] ShadowBasedAttack        AUROC=0.7624 Acc=0.7142 TPR@1%=0.0354
[attack] LiRAAttack               AUROC=0.6500 Acc=0.5002 TPR@1%=0.0204
[attack] RMIAAttack               AUROC=0.7679 Acc=0.6257 TPR@1%=0.1106
[attack] QMIAAttack               AUROC=0.6164 Acc=0.5716 TPR@1%=0.0115
[attack] RAPIDAttack              AUROC=0.8191 Acc=0.7307 TPR@1%=0.1205
[attack] LossAttack               AUROC=0.7437 Acc=0.6264 TPR@1%=0.0000
[attack] CorrectnessAttack        AUROC=0.6678 Acc=0.6677 TPR@1%=0.0000
[attack] ConfidenceAttack         AUROC=0.7445 Acc=0.7445 TPR@1%=0.0000
[attack] EntropyAttack            AUROC=0.6986 Acc=0.6986 TPR@1%=0.0000
[attack] ModifiedEntropyAttack    AUROC=0.7457 Acc=0.7457 TPR@1%=0.0000
[attack] ShadowBasedAttack        AUROC=0.7816 Acc=0.7339 TPR@1%=0.0537
[attack] LiRAAttack               AUROC=0.6588 Acc=0.4999 TPR@1%=0.0291
[attack] RMIAAttack               AUROC=0.7880 Acc=0.6303 TPR@1%=0.1144
[attack] QMIAAttack               AUROC=0.6518 Acc=0.5847 TPR@1%=0.0146
[attack] RAPIDAttack              AUROC=0.8387 Acc=0.745 TPR@1%=0.1415

======================================================================
[stage] fairness
======================================================================
  [PASS] manifest_is_single_source /mnt/data/mia_benchmark_4090/repo/benchmark/splits/cifar10/seed0/manifest.json
  [PASS] member_eval_subset_of_target_train 
  [PASS] nonmember_is_official_test 
  [PASS] train_side_disjoint_complete 
  [PASS] pool_equals_shadow_train_test_aux 
  [PASS] derived_seeds_rule shadow=50 refs=[0, 1, 2, 3]
  [PASS] ref_subsets_are_50pct sizes=[12500, 12500, 12500, 12500]
  [PASS] ref_training_disjoint_from_target_train 
  [PASS] population_subset_of_pool 
  [PASS] population_disjoint_from_eval 
  [PASS] population_size 2500
  [PASS] rmia_config_fixed gamma=2, offline_a=0.3, softmax (configs/cifar10_resnet18.yaml)
  [PASS] target_checkpoint_exists 
  [PASS] shadow_bundle_exists 
  [PASS] reference_bundle_exists 
  [PASS] eval_disjoint_from_pool 
  [PASS] defense_deviations_recorded 0 defense logs
  [PASS] memguard_shadow_only 
  [PASS] image_tpr_budgets TPR@1%/0.1%/0% all reported (image dataset)
  [PASS] seed_convention seed=0
fairness seed0: ALL PASS -> /mnt/data/mia_benchmark_4090/repo/benchmark/results/fairness/seed0.json
  [PASS] manifest_is_single_source /mnt/data/mia_benchmark_4090/repo/benchmark/splits/cifar10/seed1/manifest.json
  [PASS] member_eval_subset_of_target_train 
  [PASS] nonmember_is_official_test 
  [PASS] train_side_disjoint_complete 
  [PASS] pool_equals_shadow_train_test_aux 
  [PASS] derived_seeds_rule shadow=150 refs=[100, 101, 102, 103]
  [PASS] ref_subsets_are_50pct sizes=[12500, 12500, 12500, 12500]
  [PASS] ref_training_disjoint_from_target_train 
  [PASS] population_subset_of_pool 
  [PASS] population_disjoint_from_eval 
  [PASS] population_size 2500
  [PASS] rmia_config_fixed gamma=2, offline_a=0.3, softmax (configs/cifar10_resnet18.yaml)
  [PASS] target_checkpoint_exists 
  [PASS] shadow_bundle_exists 
  [PASS] reference_bundle_exists 
  [PASS] eval_disjoint_from_pool 
  [PASS] defense_deviations_recorded 0 defense logs
  [PASS] memguard_shadow_only 
  [PASS] image_tpr_budgets TPR@1%/0.1%/0% all reported (image dataset)
  [PASS] seed_convention seed=1
fairness seed1: ALL PASS -> /mnt/data/mia_benchmark_4090/repo/benchmark/results/fairness/seed1.json
  [PASS] manifest_is_single_source /mnt/data/mia_benchmark_4090/repo/benchmark/splits/cifar10/seed2/manifest.json
  [PASS] member_eval_subset_of_target_train 
  [PASS] nonmember_is_official_test 
  [PASS] train_side_disjoint_complete 
  [PASS] pool_equals_shadow_train_test_aux 
  [PASS] derived_seeds_rule shadow=250 refs=[200, 201, 202, 203]
  [PASS] ref_subsets_are_50pct sizes=[12500, 12500, 12500, 12500]
  [PASS] ref_training_disjoint_from_target_train 
  [PASS] population_subset_of_pool 
  [PASS] population_disjoint_from_eval 
  [PASS] population_size 2500
  [PASS] rmia_config_fixed gamma=2, offline_a=0.3, softmax (configs/cifar10_resnet18.yaml)
  [PASS] target_checkpoint_exists 
  [PASS] shadow_bundle_exists 
  [PASS] reference_bundle_exists 
  [PASS] eval_disjoint_from_pool 
  [PASS] defense_deviations_recorded 0 defense logs
  [PASS] memguard_shadow_only 
  [PASS] image_tpr_budgets TPR@1%/0.1%/0% all reported (image dataset)
  [PASS] seed_convention seed=2
fairness seed2: ALL PASS -> /mnt/data/mia_benchmark_4090/repo/benchmark/results/fairness/seed2.json

======================================================================
[stage] defenses
======================================================================
[done] D01_DP_SGD_seed0: test_acc=0.4687 in 428.0 min
[done] D02_RelaxLoss_seed0: test_acc=0.7709 in 4.0 min
[done] D03_HAMP_seed0: test_acc=0.7655 in 4.4 min
[done] D04_EarlyStop_seed0: test_acc=0.6895 in 0.8 min
[done] D05_AdvReg_seed0: test_acc=0.6941 in 14.1 min
[done] D06_MemGuard_seed0: test_acc=0.6205 in 14.5 min
[done] D07_Mixup_seed0: test_acc=0.7926 in 4.0 min
[done] D08_LabelSmoothing_seed0: test_acc=0.7872 in 4.0 min
[done] D01_DP_SGD_seed1: test_acc=0.4694 in 427.5 min
[done] D02_RelaxLoss_seed1: test_acc=0.7690 in 4.0 min
[done] D03_HAMP_seed1: test_acc=0.7631 in 4.4 min
[done] D04_EarlyStop_seed1: test_acc=0.6879 in 1.0 min
[done] D05_AdvReg_seed1: test_acc=0.7207 in 14.1 min
[done] D06_MemGuard_seed1: test_acc=0.6881 in 14.0 min
[done] D07_Mixup_seed1: test_acc=0.7887 in 4.0 min
[done] D08_LabelSmoothing_seed1: test_acc=0.8031 in 4.0 min
[done] D01_DP_SGD_seed2: test_acc=0.4727 in 427.5 min
[done] D02_RelaxLoss_seed2: test_acc=0.7671 in 4.0 min
[done] D03_HAMP_seed2: test_acc=0.7763 in 4.4 min
[done] D04_EarlyStop_seed2: test_acc=0.6700 in 0.9 min
[done] D05_AdvReg_seed2: test_acc=0.7358 in 14.1 min
[done] D06_MemGuard_seed2: test_acc=0.6645 in 14.5 min
[done] D07_Mixup_seed2: test_acc=0.7878 in 4.0 min
[done] D08_LabelSmoothing_seed2: test_acc=0.7865 in 4.0 min

======================================================================
[stage] reattack
======================================================================
/mnt/data/mia_benchmark_4090/repo/benchmark/bmk/attacks.py:176: RuntimeWarning: Mean of empty slice
  mean = np.nanmean(out_logit, axis=1)
/mnt/data/mia_benchmark_4090/repo/benchmark/bmk/attacks.py:177: RuntimeWarning: Degrees of freedom <= 0 for slice.
  var = np.nanvar(out_logit, axis=1)
/mnt/data/mia_benchmark_4090/repo/benchmark/bmk/attacks.py:176: RuntimeWarning: Mean of empty slice
  mean = np.nanmean(out_logit, axis=1)
/mnt/data/mia_benchmark_4090/repo/benchmark/bmk/attacks.py:177: RuntimeWarning: Degrees of freedom <= 0 for slice.
  var = np.nanvar(out_logit, axis=1)
/mnt/data/mia_benchmark_4090/repo/benchmark/bmk/attacks.py:176: RuntimeWarning: Mean of empty slice
  mean = np.nanmean(out_logit, axis=1)
/mnt/data/mia_benchmark_4090/repo/benchmark/bmk/attacks.py:177: RuntimeWarning: Degrees of freedom <= 0 for slice.
  var = np.nanvar(out_logit, axis=1)
/mnt/data/mia_benchmark_4090/repo/benchmark/bmk/attacks.py:176: RuntimeWarning: Mean of empty slice
  mean = np.nanmean(out_logit, axis=1)
/mnt/data/mia_benchmark_4090/repo/benchmark/bmk/attacks.py:177: RuntimeWarning: Degrees of freedom <= 0 for slice.
  var = np.nanvar(out_logit, axis=1)
/mnt/data/mia_benchmark_4090/repo/benchmark/bmk/attacks.py:176: RuntimeWarning: Mean of empty slice
  mean = np.nanmean(out_logit, axis=1)
/mnt/data/mia_benchmark_4090/repo/benchmark/bmk/attacks.py:177: RuntimeWarning: Degrees of freedom <= 0 for slice.
  var = np.nanvar(out_logit, axis=1)
/mnt/data/mia_benchmark_4090/repo/benchmark/bmk/attacks.py:176: RuntimeWarning: Mean of empty slice
  mean = np.nanmean(out_logit, axis=1)
/mnt/data/mia_benchmark_4090/repo/benchmark/bmk/attacks.py:177: RuntimeWarning: Degrees of freedom <= 0 for slice.
  var = np.nanvar(out_logit, axis=1)
/mnt/data/mia_benchmark_4090/repo/benchmark/bmk/attacks.py:176: RuntimeWarning: Mean of empty slice
  mean = np.nanmean(out_logit, axis=1)
/mnt/data/mia_benchmark_4090/repo/benchmark/bmk/attacks.py:177: RuntimeWarning: Degrees of freedom <= 0 for slice.
  var = np.nanvar(out_logit, axis=1)
/mnt/data/mia_benchmark_4090/repo/benchmark/bmk/attacks.py:176: RuntimeWarning: Mean of empty slice
  mean = np.nanmean(out_logit, axis=1)
/mnt/data/mia_benchmark_4090/repo/benchmark/bmk/attacks.py:177: RuntimeWarning: Degrees of freedom <= 0 for slice.
  var = np.nanvar(out_logit, axis=1)
/mnt/data/mia_benchmark_4090/repo/benchmark/bmk/attacks.py:176: RuntimeWarning: Mean of empty slice
  mean = np.nanmean(out_logit, axis=1)
/mnt/data/mia_benchmark_4090/repo/benchmark/bmk/attacks.py:177: RuntimeWarning: Degrees of freedom <= 0 for slice.
  var = np.nanvar(out_logit, axis=1)
/mnt/data/mia_benchmark_4090/repo/benchmark/bmk/attacks.py:176: RuntimeWarning: Mean of empty slice
  mean = np.nanmean(out_logit, axis=1)
/mnt/data/mia_benchmark_4090/repo/benchmark/bmk/attacks.py:177: RuntimeWarning: Degrees of freedom <= 0 for slice.
  var = np.nanvar(out_logit, axis=1)
/mnt/data/mia_benchmark_4090/repo/benchmark/bmk/attacks.py:176: RuntimeWarning: Mean of empty slice
  mean = np.nanmean(out_logit, axis=1)
/mnt/data/mia_benchmark_4090/repo/benchmark/bmk/attacks.py:177: RuntimeWarning: Degrees of freedom <= 0 for slice.
  var = np.nanvar(out_logit, axis=1)
/mnt/data/mia_benchmark_4090/repo/benchmark/bmk/attacks.py:176: RuntimeWarning: Mean of empty slice
  mean = np.nanmean(out_logit, axis=1)
/mnt/data/mia_benchmark_4090/repo/benchmark/bmk/attacks.py:177: RuntimeWarning: Degrees of freedom <= 0 for slice.
  var = np.nanvar(out_logit, axis=1)
/mnt/data/mia_benchmark_4090/repo/benchmark/bmk/attacks.py:176: RuntimeWarning: Mean of empty slice
  mean = np.nanmean(out_logit, axis=1)
/mnt/data/mia_benchmark_4090/repo/benchmark/bmk/attacks.py:177: RuntimeWarning: Degrees of freedom <= 0 for slice.
  var = np.nanvar(out_logit, axis=1)
/mnt/data/mia_benchmark_4090/repo/benchmark/bmk/attacks.py:176: RuntimeWarning: Mean of empty slice
  mean = np.nanmean(out_logit, axis=1)
/mnt/data/mia_benchmark_4090/repo/benchmark/bmk/attacks.py:177: RuntimeWarning: Degrees of freedom <= 0 for slice.
  var = np.nanvar(out_logit, axis=1)
/mnt/data/mia_benchmark_4090/repo/benchmark/bmk/attacks.py:176: RuntimeWarning: Mean of empty slice
  mean = np.nanmean(out_logit, axis=1)
/mnt/data/mia_benchmark_4090/repo/benchmark/bmk/attacks.py:177: RuntimeWarning: Degrees of freedom <= 0 for slice.
  var = np.nanvar(out_logit, axis=1)
/mnt/data/mia_benchmark_4090/repo/benchmark/bmk/attacks.py:176: RuntimeWarning: Mean of empty slice
  mean = np.nanmean(out_logit, axis=1)
/mnt/data/mia_benchmark_4090/repo/benchmark/bmk/attacks.py:177: RuntimeWarning: Degrees of freedom <= 0 for slice.
  var = np.nanvar(out_logit, axis=1)
/mnt/data/mia_benchmark_4090/repo/benchmark/bmk/attacks.py:176: RuntimeWarning: Mean of empty slice
  mean = np.nanmean(out_logit, axis=1)
/mnt/data/mia_benchmark_4090/repo/benchmark/bmk/attacks.py:177: RuntimeWarning: Degrees of freedom <= 0 for slice.
  var = np.nanvar(out_logit, axis=1)
/mnt/data/mia_benchmark_4090/repo/benchmark/bmk/attacks.py:176: RuntimeWarning: Mean of empty slice
  mean = np.nanmean(out_logit, axis=1)
/mnt/data/mia_benchmark_4090/repo/benchmark/bmk/attacks.py:177: RuntimeWarning: Degrees of freedom <= 0 for slice.
  var = np.nanvar(out_logit, axis=1)
/mnt/data/mia_benchmark_4090/repo/benchmark/bmk/attacks.py:176: RuntimeWarning: Mean of empty slice
  mean = np.nanmean(out_logit, axis=1)
/mnt/data/mia_benchmark_4090/repo/benchmark/bmk/attacks.py:177: RuntimeWarning: Degrees of freedom <= 0 for slice.
  var = np.nanvar(out_logit, axis=1)
/mnt/data/mia_benchmark_4090/repo/benchmark/bmk/attacks.py:176: RuntimeWarning: Mean of empty slice
  mean = np.nanmean(out_logit, axis=1)
/mnt/data/mia_benchmark_4090/repo/benchmark/bmk/attacks.py:177: RuntimeWarning: Degrees of freedom <= 0 for slice.
  var = np.nanvar(out_logit, axis=1)
/mnt/data/mia_benchmark_4090/repo/benchmark/bmk/attacks.py:176: RuntimeWarning: Mean of empty slice
  mean = np.nanmean(out_logit, axis=1)
/mnt/data/mia_benchmark_4090/repo/benchmark/bmk/attacks.py:177: RuntimeWarning: Degrees of freedom <= 0 for slice.
  var = np.nanvar(out_logit, axis=1)
/mnt/data/mia_benchmark_4090/repo/benchmark/bmk/attacks.py:176: RuntimeWarning: Mean of empty slice
  mean = np.nanmean(out_logit, axis=1)
/mnt/data/mia_benchmark_4090/repo/benchmark/bmk/attacks.py:177: RuntimeWarning: Degrees of freedom <= 0 for slice.
  var = np.nanvar(out_logit, axis=1)
/mnt/data/mia_benchmark_4090/repo/benchmark/bmk/attacks.py:176: RuntimeWarning: Mean of empty slice
  mean = np.nanmean(out_logit, axis=1)
/mnt/data/mia_benchmark_4090/repo/benchmark/bmk/attacks.py:177: RuntimeWarning: Degrees of freedom <= 0 for slice.
  var = np.nanvar(out_logit, axis=1)
/mnt/data/mia_benchmark_4090/repo/benchmark/bmk/attacks.py:176: RuntimeWarning: Mean of empty slice
  mean = np.nanmean(out_logit, axis=1)
/mnt/data/mia_benchmark_4090/repo/benchmark/bmk/attacks.py:177: RuntimeWarning: Degrees of freedom <= 0 for slice.
  var = np.nanvar(out_logit, axis=1)
[reattack] D01_DP_SGD         LossAttack         AUROC=0.5051
[reattack] D01_DP_SGD         ShadowBasedAttack  AUROC=0.5048
[reattack] D01_DP_SGD         LiRAAttack         AUROC=0.4997
[reattack] D01_DP_SGD         RMIAAttack         AUROC=0.5056
[reattack] D01_DP_SGD         QMIAAttack         AUROC=0.5001
[reattack] D02_RelaxLoss      LossAttack         AUROC=0.5509
[reattack] D02_RelaxLoss      ShadowBasedAttack  AUROC=0.5476
[reattack] D02_RelaxLoss      LiRAAttack         AUROC=0.4966
[reattack] D02_RelaxLoss      RMIAAttack         AUROC=0.5674
[reattack] D02_RelaxLoss      QMIAAttack         AUROC=0.5336
[reattack] D03_HAMP           LossAttack         AUROC=0.6202
[reattack] D03_HAMP           ShadowBasedAttack  AUROC=0.5740
[reattack] D03_HAMP           LiRAAttack         AUROC=0.5012
[reattack] D03_HAMP           RMIAAttack         AUROC=0.5851
[reattack] D03_HAMP           QMIAAttack         AUROC=0.5939
[reattack] D04_EarlyStop      LossAttack         AUROC=0.5638
[reattack] D04_EarlyStop      ShadowBasedAttack  AUROC=0.5648
[reattack] D04_EarlyStop      LiRAAttack         AUROC=0.5117
[reattack] D04_EarlyStop      RMIAAttack         AUROC=0.5936
[reattack] D04_EarlyStop      QMIAAttack         AUROC=0.5416
[reattack] D05_AdvReg         LossAttack         AUROC=0.6589
[reattack] D05_AdvReg         ShadowBasedAttack  AUROC=0.6791
[reattack] D05_AdvReg         LiRAAttack         AUROC=0.5483
[reattack] D05_AdvReg         RMIAAttack         AUROC=0.6965
[reattack] D05_AdvReg         QMIAAttack         AUROC=0.6066
[reattack] D06_MemGuard       LossAttack         AUROC=0.7302
[reattack] D06_MemGuard       ShadowBasedAttack  AUROC=0.7558
[reattack] D06_MemGuard       LiRAAttack         AUROC=0.5403
[reattack] D06_MemGuard       RMIAAttack         AUROC=0.7794
[reattack] D06_MemGuard       QMIAAttack         AUROC=0.6851
[reattack] D07_Mixup          LossAttack         AUROC=0.8720
[reattack] D07_Mixup          ShadowBasedAttack  AUROC=0.8811
[reattack] D07_Mixup          LiRAAttack         AUROC=0.5316
[reattack] D07_Mixup          RMIAAttack         AUROC=0.7846
[reattack] D07_Mixup          QMIAAttack         AUROC=0.7282
[reattack] D08_LabelSmoothing LossAttack         AUROC=0.8526
[reattack] D08_LabelSmoothing ShadowBasedAttack  AUROC=0.8514
[reattack] D08_LabelSmoothing LiRAAttack         AUROC=0.5493
[reattack] D08_LabelSmoothing RMIAAttack         AUROC=0.7763
[reattack] D08_LabelSmoothing QMIAAttack         AUROC=0.6666
[reattack] D01_DP_SGD         LossAttack         AUROC=0.5041
[reattack] D01_DP_SGD         ShadowBasedAttack  AUROC=0.5037
[reattack] D01_DP_SGD         LiRAAttack         AUROC=0.4967
[reattack] D01_DP_SGD         RMIAAttack         AUROC=0.5043
[reattack] D01_DP_SGD         QMIAAttack         AUROC=0.5015
[reattack] D02_RelaxLoss      LossAttack         AUROC=0.5460
[reattack] D02_RelaxLoss      ShadowBasedAttack  AUROC=0.5366
[reattack] D02_RelaxLoss      LiRAAttack         AUROC=0.4978
[reattack] D02_RelaxLoss      RMIAAttack         AUROC=0.5612
[reattack] D02_RelaxLoss      QMIAAttack         AUROC=0.5317
[reattack] D03_HAMP           LossAttack         AUROC=0.6112
[reattack] D03_HAMP           ShadowBasedAttack  AUROC=0.5348
[reattack] D03_HAMP           LiRAAttack         AUROC=0.5035
[reattack] D03_HAMP           RMIAAttack         AUROC=0.5752
[reattack] D03_HAMP           QMIAAttack         AUROC=0.5874
[reattack] D04_EarlyStop      LossAttack         AUROC=0.6306
[reattack] D04_EarlyStop      ShadowBasedAttack  AUROC=0.6383
[reattack] D04_EarlyStop      LiRAAttack         AUROC=0.5260
[reattack] D04_EarlyStop      RMIAAttack         AUROC=0.6806
[reattack] D04_EarlyStop      QMIAAttack         AUROC=0.5795
[reattack] D05_AdvReg         LossAttack         AUROC=0.6861
[reattack] D05_AdvReg         ShadowBasedAttack  AUROC=0.7077
[reattack] D05_AdvReg         LiRAAttack         AUROC=0.5395
[reattack] D05_AdvReg         RMIAAttack         AUROC=0.7180
[reattack] D05_AdvReg         QMIAAttack         AUROC=0.6258
[reattack] D06_MemGuard       LossAttack         AUROC=0.6844
[reattack] D06_MemGuard       ShadowBasedAttack  AUROC=0.7193
[reattack] D06_MemGuard       LiRAAttack         AUROC=0.6268
[reattack] D06_MemGuard       RMIAAttack         AUROC=0.7427
[reattack] D06_MemGuard       QMIAAttack         AUROC=0.6132
[reattack] D07_Mixup          LossAttack         AUROC=0.8867
[reattack] D07_Mixup          ShadowBasedAttack  AUROC=0.8969
[reattack] D07_Mixup          LiRAAttack         AUROC=0.5234
[reattack] D07_Mixup          RMIAAttack         AUROC=0.7978
[reattack] D07_Mixup          QMIAAttack         AUROC=0.7392
[reattack] D08_LabelSmoothing LossAttack         AUROC=0.8139
[reattack] D08_LabelSmoothing ShadowBasedAttack  AUROC=0.8256
[reattack] D08_LabelSmoothing LiRAAttack         AUROC=0.5379
[reattack] D08_LabelSmoothing RMIAAttack         AUROC=0.7486
[reattack] D08_LabelSmoothing QMIAAttack         AUROC=0.6507
[reattack] D01_DP_SGD         LossAttack         AUROC=0.5055
[reattack] D01_DP_SGD         ShadowBasedAttack  AUROC=0.5045
[reattack] D01_DP_SGD         LiRAAttack         AUROC=0.5026
[reattack] D01_DP_SGD         RMIAAttack         AUROC=0.5062
[reattack] D01_DP_SGD         QMIAAttack         AUROC=0.5009
[reattack] D02_RelaxLoss      LossAttack         AUROC=0.5517
[reattack] D02_RelaxLoss      ShadowBasedAttack  AUROC=0.5441
[reattack] D02_RelaxLoss      LiRAAttack         AUROC=0.4972
[reattack] D02_RelaxLoss      RMIAAttack         AUROC=0.5695
[reattack] D02_RelaxLoss      QMIAAttack         AUROC=0.5346
[reattack] D03_HAMP           LossAttack         AUROC=0.6134
[reattack] D03_HAMP           ShadowBasedAttack  AUROC=0.5518
[reattack] D03_HAMP           LiRAAttack         AUROC=0.5019
[reattack] D03_HAMP           RMIAAttack         AUROC=0.5796
[reattack] D03_HAMP           QMIAAttack         AUROC=0.5816
[reattack] D04_EarlyStop      LossAttack         AUROC=0.5847
[reattack] D04_EarlyStop      ShadowBasedAttack  AUROC=0.5853
[reattack] D04_EarlyStop      LiRAAttack         AUROC=0.5094
[reattack] D04_EarlyStop      RMIAAttack         AUROC=0.6237
[reattack] D04_EarlyStop      QMIAAttack         AUROC=0.5527
[reattack] D05_AdvReg         LossAttack         AUROC=0.6762
[reattack] D05_AdvReg         ShadowBasedAttack  AUROC=0.7017
[reattack] D05_AdvReg         LiRAAttack         AUROC=0.5559
[reattack] D05_AdvReg         RMIAAttack         AUROC=0.7046
[reattack] D05_AdvReg         QMIAAttack         AUROC=0.6132
[reattack] D06_MemGuard       LossAttack         AUROC=0.7407
[reattack] D06_MemGuard       ShadowBasedAttack  AUROC=0.7493
[reattack] D06_MemGuard       LiRAAttack         AUROC=0.6471
[reattack] D06_MemGuard       RMIAAttack         AUROC=0.7237
[reattack] D06_MemGuard       QMIAAttack         AUROC=0.6519
[reattack] D07_Mixup          LossAttack         AUROC=0.8844
[reattack] D07_Mixup          ShadowBasedAttack  AUROC=0.8971
[reattack] D07_Mixup          LiRAAttack         AUROC=0.5285
[reattack] D07_Mixup          RMIAAttack         AUROC=0.8029
[reattack] D07_Mixup          QMIAAttack         AUROC=0.7515
[reattack] D08_LabelSmoothing LossAttack         AUROC=0.8336
[reattack] D08_LabelSmoothing ShadowBasedAttack  AUROC=0.8220
[reattack] D08_LabelSmoothing LiRAAttack         AUROC=0.5454
[reattack] D08_LabelSmoothing RMIAAttack         AUROC=0.7606
[reattack] D08_LabelSmoothing QMIAAttack         AUROC=0.6669

======================================================================
[stage] aggregate
======================================================================
[aggregate] tables written to /mnt/data/mia_benchmark_4090/repo/benchmark/results/summary
  Table2 clean attacks: 10 rows | Table3 defenses: 8 rows | Table4 defense×attack: 40 rows

[run_all] benchmark complete
